https://upload.wikimedia.org/wikipedia/commons/thumb/6/66/Polar_Bear_-_Alaska_%28cropped%29.jpg/220px-Polar_Bear_-_Alaska_%28cropped%29.jpg,
https://defenders.org/sites/default/files/styles/homepage-feature-2015/public/polar-bear_j.-lyle.png?itok=EAQm89Z4,
https://www.nwf.org/-/media/NEW-WEBSITE/Shared-Folder/Wildlife/Mammals/mammal_polar_bear_cubs_fighting_alaska_michael_henry_600x300.ashx,
https://polarbearsinternational.org/media/2027/km-2821_0.jpg,
https://i.ytimg.com/vi/zNO0kxTClYo/maxresdefault.jpg,
https://c402277.ssl.cf1.rackcdn.com/photos/2330/images/hero_full/polar-bear-hero.jpg?1345901694,
https://polarbearsinternational.org/media/3091/webbanner2_00473-10418_2.jpg,
https://cdn.images.express.co.uk/img/dynamic/109/590x/Polar-Bear-924655.jpg,
https://c402277.ssl.cf1.rackcdn.com/photos/477/images/story_full_width/shutterstock_83440657.jpg?1345572241,
https://kids.nationalgeographic.com/content/dam/kids/photos/animals/Mammals/H-P/polar-bear-cub-on-mom.adapt.945.1.jpg,
https://www.wwf.org.uk/sites/default/files/styles/hero_s/public/2017-03/331871_0.jpg?h=f1ae4142&itok=O8YSVhEO,
https://cdn.shopify.com/s/files/1/0996/1022/articles/PBI_mom_and_cubs.jpg?v=1516723289,
https://c402277.ssl.cf1.rackcdn.com/photos/14815/images/priority_species_small/Medium_WW22779.jpg?1513098037,
http://d2ouvy59p0dg6k.cloudfront.net/img/original/polar_bear_wwf_1.jpg,
http://i.dailymail.co.uk/i/newpix/2018/03/26/15/4A9018FB00000578-5545343-Me_first_One_of_the_adorable_little_cubs_can_be_seen_clambering_-m-133_1522073226682.jpg,
https://polarbearsinternational.org/media/3214/013251901.jpg,
http://images.mentalfloss.com/sites/default/files/styles/mf_image_16x9/public/532061-istock-526704439.jpg?itok=ycw2AshG&resize=1100x619,
https://www.stlzoo.org/files/2614/3336/2142/Kali_150528_6218_Ray_Meibaum_Saint_Louis_Zoo.jpg,
http://www.trustees.org/wp-content/uploads/2017/03/Three-bears-Bob-Waldrop-resized-squared.jpg,
https://www.natgeokids.com/wp-content/uploads/2017/02/Facts-about-polar-bears-5.jpg,
https://thumbs-prod.si-cdn.com/NPbxkWeYsR15S_KH2MLqPE8wgwY=/1072x720/filters:no_upscale()/https://public.media.tweentribune.com/tt/header/PolarBears2_15_SM.jpg,
https://cangeo-media-library.s3.amazonaws.com/s3fs-public/styles/web_article_slider_image/public/images/web_articles/article_images/835/polar_bears_1.jpg?itok=DfqXPiJ2,
https://www.coca-colacompany.com/content/dam/journey/us/en/global/2012/10/polar-bear-help-604mk101612-604-337-7b6e7b90.rendition.598.336.jpg,
https://polarbearsinternational.org/media/3093/00473-17719.jpg,
https://e3.365dm.com/18/04/1096x616/skynews-rzss-hamish-polar-bear_4293191.jpg?20180426154855,
https://newsdeeply.imgix.net/20170717065230/POLAR-BEAR-EATING-A-BEARDED-SEAL-SPITSBERGEN.jpg?w=640&fit=max&q=60,
https://metrouk2.files.wordpress.com/2015/12/ad_191600615-e1451043677765.jpg?quality=80&strip=all,
https://chicagotonight.wttw.com/sites/default/files/styles/full/public/article/image-non-gallery/Talini%206_0316.jpg?itok=QRYB3RUX,
https://wallpapersite.com/images/wallpapers/polar-bears-3840x2400-cub-4k-3837.jpg,
https://www.worldatlas.com/r/w728-h425-c728x425/upload/01/16/63/shutterstock-490782565.jpg,
https://www.dw.com/image/18626102_401.jpg,
http://7gigzxopz0uiqxo1-zippykid.netdna-ssl.com/wp-content/uploads/2016/04/polar.jpg,
http://www.sciencemag.org/sites/default/files/styles/article_main_large/public/polar%20bear.jpg?itok=4Q6FMaNA,
https://www.maritime-executive.com/media/images/article/Photos/Ocean/Cropped/starving%20polar%20bear%2016x9.jpg,
https://fsmedia.imgix.net/77/eb/76/4c/ae5b/4f77/a347/ec5b047f0967/article---heart-wrenching-video-shows-starving-polar-bear-on-iceless-landjpg.jpeg?rect=0%2C29%2C1024%2C512&auto=format%2Ccompress&w=650,
https://statpad.files.wordpress.com/2017/12/lipstbear.jpg?w=582&h=523,
https://polarbearsinternational.org/media/3075/ct_110915-23.jpg,
https://www.gotscience.org/wp-content/uploads/2015/04/Tasul-the-polar-bear-e1441387180773.jpg,
https://jacksonholewildlifesafaris.com/wp-content/uploads/2013/01/MkIII-151103-1073.jpg,
https://defenders.org/sites/default/files/polar-bears-jeri-roth-lande-dpc.jpg,
https://kidzfeed.com/wp-content/uploads/2018/01/Polar-bear-diet-e1516187369366.jpg,
https://lookaside.fbsbx.com/lookaside/crawler/media/?media_id=58135336841,
https://arctickingdom.com/wp-content/uploads/2017/08/AK_Mother-and-two-Cub_MG_2902-e1503499482833.jpg,
https://www.critterbabies.com/wp-content/uploads/2014/01/polar-bear-cubs.jpg,
http://www.takepart.com/sites/default/files/styles/large/public/Polar-bears-climate-change-MAIN.jpg,
https://projects.oregonlive.com/projectnora/1-3/assets/page-8vQsZ3bILx/section-qgznsNrhJU/landscape/image-AHNTZH6hQg/nora_ball_vertical_engage.png,
https://d1o50x50snmhul.cloudfront.net/wp-content/uploads/2018/02/01150144/pagano3hr.jpg,
https://cdn.britannica.com/700x450/52/162652-004-34A1BA10.jpg,
https://dynaimage.cdn.cnn.com/cnn/c_fill,g_auto,w_1200,h_675,ar_16:9/https%3A%2F%2Fcdn.cnn.com%2Fcnnnext%2Fdam%2Fassets%2F180202121239-01-polar-bear-file-restricted.jpg,
https://www.alexanderroberts.com/getmedia/f65d9afb-6e44-4aee-b2ba-60ac43ef6687/Polar-Bears-of-Churchill_MainPic.jpg.aspx?width=940,
https://www.expeditionsalaska.com/wp-content/uploads/2017/03/16-polar-bears_D4S3705.jpg,
http://www.wildlifeworldwide.com/images/categories/polar_bear_watching_pack_ice.jpg,
https://secure.i.telegraph.co.uk/multimedia/archive/01811/polar-bear-face_1811615i.jpg,
https://www.wwf.org.uk/sites/default/files/styles/hero_l/public/2017-02/48294.jpg?h=e8f18af8&itok=b8x-XBfe,
https://polarbearfacts.net/wp-content/uploads/2017/10/polar-bear-22.jpg,
https://img.purch.com/w/660/aHR0cDovL3d3dy5saXZlc2NpZW5jZS5jb20vaW1hZ2VzL2kvMDAwLzA3Ni82NTIvb3JpZ2luYWwvcG9sYXItYmVhci1kb2xwaGluLXNhbXVlbC1ibGFuYy5qcGc=,
http://www.danintranet.org/storymedia/17953.jpg,
http://freebeacon.com/wp-content/uploads/2018/04/polar-bears-540x386.jpg,
https://i.ytimg.com/vi/vZjFVb0jdbc/maxresdefault.jpg,
http://animals.sandiegozoo.org/sites/default/files/2016-09/PolarBear_ZN_0.jpg,
http://assets.change.org/photos/7/sl/kv/szSlkvawWzWBCnk-1600x900-noPad.jpg?1516216548,
https://www.pride.com/sites/www.pride.com/files/2017/04/24/polar-bears-750.jpg,
https://fabiusmaximus.com/wp-content/uploads/2017/12/Starving-Polar-Bear-1.jpg,
https://guidetoiceland.imgix.net/328158/x/0/beware-of-polar-bears-in-iceland-it-is-now-puffin-hunting-season-1?auto=compress%2Cformat&ch=Width%2CDPR&dpr=1&ixlib=php-2.1.0&w=883&s=d6c54f2783102d99f5a6ae003c14f8a5,
https://kids.nationalgeographic.com/content/dam/kids/photos/animals/Mammals/H-P/polar-bear-mom-cub.ngsversion.1411256718668.adapt.1900.1.jpg,
https://polarbearfacts.net/wp-content/uploads/2018/02/polar-bear-cubs.jpg,
https://arctickingdom.com/wp-content/uploads/2017/08/davebriggsphotography-049A3218-headercrop-1.jpg,
https://i.ytimg.com/vi/wMRucNboc2I/hqdefault.jpg,
https://onekindplanet.org/wp-content/uploads/2016/09/az_polar_bear-wpcf_517x300.jpg,
https://ichef.bbci.co.uk/images/ic/720x405/p05wv1xp.jpg,
https://nu.aeon.co/images/9b5441f8-d3c6-4f01-a511-8bf64cc1a8d9/idea_nrdc-flickr-5655428426_9c043e57e0_b.jpg,
https://upload.wikimedia.org/wikipedia/commons/thumb/1/19/Polarbearonice.jpg/220px-Polarbearonice.jpg,
http://www.comozooconservatory.org/wp-content/uploads/2011/02/marquee_3.jpg,
https://i.pinimg.com/originals/7a/d8/13/7ad8135c2e0a0ca37203c388aab0de3a.jpg,
https://www.thoughtco.com/thmb/taELqkdR_3tGJG86qKd5bpwe598=/768x0/filters:no_upscale():max_bytes(150000):strip_icc()/182185097-56a5f7203df78cf7728abdf8.jpg,
https://d1o50x50snmhul.cloudfront.net/wp-content/uploads/2015/12/dn28689-1_800.jpg,
https://static.boredpanda.com/blog/wp-content/uploads/2015/08/polar-bear-playing-flower-field-dennis-fast-13.jpg,
https://static.independent.co.uk/s3fs-public/thumbnails/image/2018/07/12/15/polar-bears-plastic.jpg?w968h681,
http://www.coca-cola.co.uk/content/dam/journey/gb/en/hidden/History/Coca-Cola-and-Christmas/596x334/coca_cola_polar_bears_02122014_596x334.jpg,
https://i.guim.co.uk/img/static/sys-images/Guardian/About/General/2013/11/25/1385385237206/Polar-bears-playing-in-Hu-011.jpg?w=700&q=55&auto=format&usm=12&fit=max&s=668946adfad326f728b68a3f55eb6096,
https://cdn.vox-cdn.com/thumbor/n-dIUOwb2UZvdGvA245I86AuQlI=/0x0:792x586/1200x800/filters:focal(333x230:459x356):no_upscale()/cdn.vox-cdn.com/uploads/chorus_image/image/58537201/polar_bear.0.gif,
https://s1.it.atcdn.net/wp-content/uploads/2012/05/Polar-Bear-F-Harper-7.jpg,
https://www.theepochtimes.com/assets/uploads/2015/03/30/Bear_shutterstock_111333863_WEBONLY-700x420.jpg,
https://cdn.britannica.com/700x450/55/144755-004-D4DB6492.jpg,
http://churchillpolarbears.org/wp-content/uploads/2017/01/Jeff-Klofft-pb16-20.jpg,
https://pmdvod.nationalgeographic.com/NG_Video/296/195/Russian_Polar_Bears_1.5_-_Wendle.mp4.00_02_45_26.Still004_640x360_958659651708.jpg,
https://www.wwf.org.uk/sites/default/files/styles/hero_l/public/2017-02/Original_WW215278_1.jpg?h=fee4874d&itok=cyWFOG4I,
https://qph.fs.quoracdn.net/main-qimg-4be66124b70b7d2bc7649d69ffac6064,
https://news-images.vice.com/images/articles/meta/2016/02/16/untitled-article-1455643692.jpg?crop=1xw:0.5647382920110193xh;0xw,0.12121212121212122xh&resize=1200:*&output-format=image/jpeg&output-quality=75,
https://polarbearscience.files.wordpress.com/2015/10/polar-bear-radio-collar_cbc-oct-28-2015.jpg,
http://animals.sandiegozoo.org/sites/default/files/2016-09/animals_hero_polar_bear_1.jpg,
https://inhabitat.com/wp-content/blogs.dir/1/files/2015/01/polar-bear-penis-pollutant-2.jpg,
https://static01.nyt.com/images/2018/04/26/opinion/24opdoc-polarbear-alt/24opdoc-polarbear-alt-videoSixteenByNineJumbo1600-v2.jpg,
https://climate.nasa.gov/system/news_items/main_images/2499_polar-bear-768px-80.jpg,
https://s3-eu-west-1.amazonaws.com/assets.barcroft.tv/9ed2623f-514a-4a72-adde-7a8e83480b5e.jpg,
https://img.purch.com/rc/300x200/aHR0cDovL3d3dy5saXZlc2NpZW5jZS5jb20vaW1hZ2VzL2kvMDAwLzAzNy8xNDcvb3JpZ2luYWwvYXJjdGljLXBvbGFyLWJlYXJzLTExMDIyNS0wMi5qcGc=,
https://www.coca-colacompany.com/content/dam/journey/us/en/private/2013/12/coke604-604-337-361f8244.rendition.598.336.jpg,
https://oceanwide-4579.kxcdn.com/uploads/media-dynamic/cache/widen_1100/uploads/media/default/0001/14/thumb_13244_default_1600.jpeg,
https://cbsnews2.cbsistatic.com/hub/i/r/2017/06/08/7d0094d2-6624-4cc3-b584-832939d41943/thumbnail/620x350g2/af58c35da81982ebf844c3c425c69212/istock-637677382.jpg,
https://www.sciencenewsforstudents.org/sites/default/files/2016/05/main/articles/860-header-polar-bear-swim.jpg,
https://i1.wp.com/polarbearalley.com/wp-content/uploads/2016/12/15137395_1207826765974212_2431806973221835224_o.jpg?fit=1200%2C800,
http://cphpost.dk/wp-content/uploads/2016/10/Isbj%C3%B8rne_0072d-630x390.jpg,
https://www.nationalgeographic.com/content/dam/animals/thumbs/rights-exempt/mammals/p/polar-bear_thumb.ngsversion.1485378322921.adapt.1900.1.JPG,
https://ecochiccayman.files.wordpress.com/2015/02/o-polar-bear-family-facebook.jpg,
https://www.hakaimagazine.com/wp-content/uploads/header-polar-bear-conflict.jpg,
https://media4.s-nbcnews.com/i/newscms/2017_45/2220281/171109-alaska-polar-bears-mc_3_7b08a470c0c67cfd6864763399380379.JPG,
https://twt-thumbs.washtimes.com/media/image/2017/08/24/uw-polar-bear_c0-60-1440-899_s885x516.jpg?6db941c9ab00e509ffd0d8f269b1b6dc0b535edf,
http://indianapublicmedia.org/amomentofscience/files/2018/04/amos_polarbear-940x627.jpg,
https://www.cbc.ca/kidscbc2/content/the_feed//polar-bear-848.jpg,
https://s-i.huffpost.com/gen/1786233/images/n-POLAR-BEARS-DIET-628x314.jpg,
https://i.ndtvimg.com/i/2017-12/polar-bear-climate-change_650x400_81512875549.jpg,
https://upload.wikimedia.org/wikipedia/commons/thumb/9/99/Polar_Bears_Play_fight.JPG/220px-Polar_Bears_Play_fight.JPG,
https://i.guim.co.uk/img/media/fdd4d6106dd0b6653e4ca0168472df3cb6455bd4/0_62_5472_3283/5472.jpg?w=1200&h=630&q=55&auto=format&usm=12&fit=crop&crop=faces%2Centropy&bm=normal&ba=bottom%2Cleft&blend64=aHR0cHM6Ly91cGxvYWRzLmd1aW0uY28udWsvMjAxOC8wMS8zMS90d2l0dGVyX2RlZmF1bHQucG5n&s=57f9fc86525d52285708c0031aafa72b,
https://www.naturalworldsafaris.com/~/media/images/destinations/greenland/polar-bear-greenland-andy-mann-02.jpg,
https://cdn.shopify.com/s/files/1/0190/6298/products/polar_bear_light_1024x1024.jpg?v=1484253761,
http://www.zoobudapest.com/uploads/collection/27/image/jegesmedve100%20foto%20Bagosi%20Zoltan.JPG,
https://cdn.shopify.com/s/files/1/1100/0740/articles/Polar_Bears_022818_1024x1024.jpg?v=1519942913,
https://cdn.audubon.org/cdn/farfuture/y6213NZ5z8aUATQibIJ5Ny0q7g3XSG8RRkE10rVjt9I/mtime:1427798653/sites/default/files/kazlowski_lep_21557.jpg,
http://www.nhptv.org/wild/images/polarbearalfredviolaforestry.jpg,
https://dynaimage.cdn.cnn.com/cnn/q_auto,w_900,c_fill,g_auto,h_506,ar_16:9/http%3A%2F%2Fcdn.cnn.com%2Fcnnnext%2Fdam%2Fassets%2F111029125734-polar-bear-1.jpg,
https://gifts.worldwildlife.org/gift-center/Images/large-species-photo/large-Polar-Bear-photo.jpg,
https://media.mnn.com/assets/images/2016/11/polar-bear-town.jpg.653x0_q80_crop-smart.jpg,
https://www.thelocal.no/userdata/images/article/27adf855e3513637a9a4f0fa3b2a29153100de6e1a29a58574430867869afdcd.jpg,
https://nails.newsela.com/s3/newsela-media/article_media/2017/12/elem-big-q-why-are-polar-bears-white-6b1af76f.jpg?crop=0%2C41%2C1366%2C809&height=497&width=885,
https://arcticwild.com/wp-content/uploads/2016/09/stick-on-head-bear.jpg,
https://kids.nationalgeographic.com/content/dam/kids/photos/animals/Mammals/H-P/polar-bear-ice.ngsversion.1396530624621.jpg,
https://s.yimg.com/ny/api/res/1.2/BysMs3et_HgFGp_U5wLSPg--~A/YXBwaWQ9aGlnaGxhbmRlcjtzbT0xO3c9ODAw/http://media.zenfs.com/en-US/homerun/science.mashable/260e37180f84508cae09a28e6f054118,
https://www.sciencedaily.com/images/2017/04/170412085342_1_540x360.jpg,
https://cdn.narcity.com/uploads/9a7577913e7429c64e19eedff782c6d4478ad9d9.png_facebook.png,
https://www.animalanswers.co.uk/wp-content/uploads/2016/12/rexfeatures_4438904o_Polar-bear-with-cubs-copy.jpg,
https://cdn.images.express.co.uk/img/dynamic/109/590x/International-polar-bear-day-facts-about-bears-772291.jpg,
https://pixfeeds.com/images/animals/bears/1280-172684574-lazy-polar-bear.jpg,
https://images.csmonitor.com/csm/2015/04/0401-polar-bear.jpg?alias=standard_900x600,
https://polarbearagreement.org/images/Sliders/_FLA1343_V.jpeg,
https://www.carbonbrief.org/wp-content/uploads/2015/03/stock-polar-bear-with-cub-1550x804.jpg,
https://assets.atlasobscura.com/article_images/44229/image.jpg,
https://wonderopolis.org/wp-content/uploads/2011/01/polar-bear_shutterstock_53330245.jpg,
http://www.slate.com/content/dam/slate/articles/health_and_science/science/2017/12/171211_SCI_SkinnyPolarBear.jpg.CROP.promo-xlarge2.jpg,
http://animals.sandiegozoo.org/sites/default/files/2016-10/polar_bear_02.jpg,
https://upload.wikimedia.org/wikipedia/commons/f/f5/Polar_bears_near_north_pole.jpg,
https://imgix.bustle.com/elite-daily/2016/04/07043956/elite-daily-polar-bear.jpg?w=998&h=598&fit=crop&crop=faces&auto=format&q=70,
https://blogs.umass.edu/natsci397a-eross/files/2016/04/047-130136481-11-300x225.jpg,
https://s.abcnews.com/images/US/ht_polarbearHughRose_le_171116_16x9_992.jpg,
http://institute.sandiegozoo.org/sites/default/files/PolarBears_HudsonBay_Fall2016_JSheppard.jpg,
https://financialpostcom.files.wordpress.com/2018/02/0226polarbear.jpg,
https://inhabitat.com/wp-content/blogs.dir/1/files/2018/02/Polar-Bears-Ice-Full-Width-Tall.jpg,
https://insideclimatenews.org/sites/default/files/styles/icn_full_wrap_wide/public/polarbeaerstudy1.jpg?itok=IgYuAxFN,
http://pixdaus.com/files/items/pics/1/33/287133_b06f6bfed4aa9e4957d1cae6dd9f8e9d_large.jpg,
https://iucnredlist-photos.s3.amazonaws.com/medium/542426046.jpg?AWSAccessKeyId=AKIAJIJQNN2N2SMHLZJA&Expires=1543936898&Signature=hgX9AISRMvP%2B7i8y5j%2F6I1DYpSQ%3D,
https://res.cloudinary.com/dk-find-out/image/upload/q_80,w_1920,f_auto/Amazing_Animals_14526_sgiihj.jpg,
https://www.radionz.co.nz/assets/news/67619/eight_col_polar_bear.jpg?1462409271,
http://blogs.plos.org/ecology/files/2017/04/Polar_bear_Ursus_maritimus_female_with_its_cub_Svalbard_2.jpg,
https://img-aws.ehowcdn.com/877x500p/s3.amazonaws.com/cme_public_images/www_ehow_com/i.ehow.com/images/a04/bb/m5/polar-bears-camouflage-1.1-800x800.jpg,
https://t2.ea.ltmcdn.com/en/images/6/5/8/img_a_polar_bear_s_diet_856_600.jpg,
https://earthjustice.org/sites/default/files/styles/image_800x600/public/2013/event/polarbear.jpg?itok=V3dbTcoD,
http://s.newsweek.com/sites/www.newsweek.com/files/styles/lg/public/2015/07/02/polar-bears.jpg,
https://cloudfront.ualberta.ca/-/media/newtrail/issues/2016-spring/sink-or-swim/climate-polar-bear-ice-credit-paul-souders-world-foto-1200.jpg?w=1200,
https://s-i.huffpost.com/gen/4243564/images/n-POLAR-BEAR-SEA-ICE-628x314.jpg,
https://cdn.nationaltoday.com/wp-content/uploads/2017/01/International-Polar-Bear-Day-Header-1180x360.png,
http://www.outdoorphotographer.com/wp-content/uploads/2015/11/Polar-bear-stretching-after-nap-3-Arctic-National-Wildlife-Refuge-Alaska-USA.jpg,
http://image.oregonlive.com/home/olive-media/width600/img/data/photo/2017/10/27/nora-polar-bear-at-oregon-zoo57313-6d237f686863393f.jpg,
http://ichef.bbci.co.uk/wwfeatures/wm/live/1280_640/images/live/p0/31/9p/p0319p7w.jpg,
https://i.pinimg.com/736x/8e/8d/56/8e8d56ffc7fe57f340a80568d79d11e9--snow-angels-snow-days.jpg,
https://c402277.ssl.cf1.rackcdn.com/publications/835/cover_images/small/Capture.JPG?1460644547,
https://img-aws.ehowcdn.com/750x428p/photos.demandstudios.com/getty/article/117/223/88017098_XS.jpg,
https://prd-wret.s3-us-west-2.amazonaws.com/assets/palladium/production/s3fs-public/thumbnails/image/polar_bear_rubble_ice_MLockhart_2011.JPG,
http://www.sciencemag.org/sites/default/files/styles/article_main_large/public/images/sn-polarbearsH.jpg?itok=ZZazLuhy,
https://i2.wp.com/www.onegreenplanet.org/wp-content/uploads/2017/03/polar-bear.jpg?resize=1600%2C900,
https://farm6.static.flickr.com/5676/31205454861_5ff3912755.jpg,
https://polarbearsinternational.org/media/3195/ct_110915-11.jpg,
http://siberiantimes.com/PICTURES/OTHERS/Polar-bears-Oboimov/bears%2014.jpg,
https://d3i6fh83elv35t.cloudfront.net/newshour/app/uploads/2017/05/RTSSOZX-1024x726.jpg,
https://static01.nyt.com/images/2018/03/17/world/europe/17polarbear/merlin_135136182_4e91dfc3-ddd3-4078-b3fc-5a70ba5b43cf-articleLarge.jpg?quality=75&auto=webp&disable=upscale,
https://images.earthtouchnews.com/media/1035976/polar-bear-feeding_2015_04_01.jpg,
http://marinebio.org/upload/Ursus-maritimus/3.jpg,
http://d2ouvy59p0dg6k.cloudfront.net/img/web_228493_498569.jpg,
https://en.visitsvalbard.com/dbimgs/for%20skjerm.jpg,
http://www.npolar.no/npcms/export/sites/np/images/dyreliv/isbjorn-telling-2015-NP058930.jpg_1911645982.jpg,
https://peopledotcom.files.wordpress.com/2017/02/polar-bear-6.jpg,
http://cincinnatizoo.org/wp-content/uploads/2016/10/polarb-bear3.png,
https://i.amz.mshcdn.com/SI2rZ0Njo424ehEbyY0W_sSuDAo=/http%3A%2F%2Fa.amz.mshcdn.com%2Fwp-content%2Fuploads%2F2015%2F10%2Fpolar-bear-thumb.jpg,
https://www.washingtonpost.com/resizer/oe4aUZ_IvMrAiZNTx8y_lUfNBqQ=/1484x0/arc-anglerfish-washpost-prod-washpost.s3.amazonaws.com/public/NF2ZJR3AHQZ7PA7JOSHC6XSXDA.png,
https://i.ytimg.com/vi/-MWAKMhDwCU/maxresdefault.jpg,
http://www.thegwpf.org/content/uploads/2018/02/Screenshot-2018-02-19-14.46.33-928x1024.png,
https://www.thefactsite.com/wp-content/uploads/2009/02/polar-bears.jpg,
https://process.images.nathab.com/A6dTpd53SmIg0pBfJJhgAz/resize=width:960/https://www.nathab.com/uploaded-files/carousels/REGIONS/Polar-Bears/Polar-Bears-Ultimate-Churchill-1-bears-TItle1.jpg,
http://www.adfg.alaska.gov/static/species/speciesinfo/polarbear/images/polarbear_usfws.jpg,
https://iucnredlist-photos.s3.amazonaws.com/medium/1215143351.jpg?AWSAccessKeyId=AKIAJIJQNN2N2SMHLZJA&Expires=1543936898&Signature=T3TZAoyjp%2FR7aHlMSaBw7IXouvA%3D,
https://media.treehugger.com/assets/images/2012/02/polar-bear-cub.jpg,
http://www.oceanfutures.org/sites/default/files/creature-feature/PolarBear/CEV0336_300_0.jpg,
https://beartrust.org/wp-content/uploads/2011/05/polar-bear_BTI.jpg,
http://sunny95.com/wp-content/blogs.dir/16/files/2017/04/Polar-Bear-Cubs-0173-Grahm-S.-Jones-Columbus-Zoo-and-Aquarium-1.jpg,
https://53744bf91d44b81762e0-fbbc959d4e21c00b07dbe9c75f9c0b63.ssl.cf3.rackcdn.com/media/5A/5A0EFDC6-48CB-4345-B45D-5D641AF35E1F/Presentation.Large/Male-polar-bear.jpg,
https://vignette.wikia.nocookie.net/lostpedia/images/3/3a/OrientationBears.jpg/revision/latest?cb=20060831142736,
https://hips.htvapps.com/htv-prod-media.s3.amazonaws.com/ibmig/cms/image/wlwt/38550672-img-cincinnati-zoo-s-polar-pals-can-t-berit-leave-enclosure.jpg?crop=1xw:1.00000000000000000xh;center,top&resize=900:*,
http://www.trbimg.com/img-5a3d78f0/turbine/ct-ent-aussie-polar-bear-euthanized-at-brookfield-zoo-1222,
https://www.dw.com/image/17510058_303.jpg,
http://cdn3.discoverwildlife.com/sites/default/files/imagecache/623px_wide/main/GettyImages-Howard%20Perry%20623.jpg,
https://vignette.wikia.nocookie.net/seekers/images/6/6e/11394087-magnificent-polar-bears.jpg/revision/latest?cb=20120612214709,
http://awsassets.wwf.ca/img/original/mid_202650.jpg,
https://oceanwide-4579.kxcdn.com/uploads/media-dynamic/cache/widen_1100/uploads/media/default/0001/26/thumb_25682_default_900.jpeg,
https://assets.nrdc.org/sites/default/files/styles/full_content/public/media-uploads/istock-486290058-2400.jpg?itok=ZrF_xfr-,
https://images-na.ssl-images-amazon.com/images/I/41XPmTrQTNL._SX258_BO1,204,203,200_.jpg,
https://cbsnews1.cbsistatic.com/hub/i/r/2018/02/20/e5e53325-1d0c-4e8a-b750-7a0082a0449c/thumbnail/620x350/429544ec75a3f5a558b3e1543cb5d627/coldilocks.jpg,
http://3.bp.blogspot.com/-4Mzv30Nqu3M/T2kA-PoOWKI/AAAAAAAAADg/CcwA_nGVOw0/s1600/Art+2012+003.JPG,
https://i1.wp.com/zooologist.com/wp-content/uploads/2018/01/What-Color-Skin-Do-Polar-Bears-Have-Polar-Bear-Skin-Color-e1516902011618.jpg?resize=600%2C400,
http://blogs.discovermagazine.com/drone360/files/2017/10/Screen-Shot-2017-10-04-at-12.38.24-PM.png,
https://cleverdeverwherever.com/wp-content/uploads/2017/01/baby-resting-on-mom-looking-out-1024x683-1040x585.jpg,
https://lonelyplanetwp.imgix.net/2017/01/GettyImages-501320141_super-3b7430071a17.jpg?fit=min&q=40&sharp=10&vib=20&w=1470,
https://cdn.shopify.com/s/files/1/1538/3241/articles/polar-bear-with-pup.jpeg?v=1483033487,
https://upload.wikimedia.org/wikipedia/commons/thumb/7/7a/Cub_polar_bear_is_nursing_2.ogv/220px--Cub_polar_bear_is_nursing_2.ogv.jpg,
https://static01.nyt.com/images/2016/06/09/multimedia/sciencetake-polar-bears/sciencetake-polar-bears-superJumbo.jpg,
https://images4.alphacoders.com/446/thumb-1920-44626.jpg,
https://www.oregonzoo.org/sites/default/files/styles/exhibit_photo/public/2015/08/20/H_polar-bear-Conrad.jpg?itok=ejv2_4nH,
https://www.telegraph.co.uk/content/dam/news/2018/01/13/TELEMMGLPICT000151004550_trans_NvBQzQNjv4Bqek9vKm18v_rkIPH9w2GMNoAUi_eAXJmjTzXoJ-uDM54.jpeg?imwidth=450,
http://zoonooz.sandiegozoo.org/wp-content/uploads/2015/12/PolarFun_002_Med-860x450.jpg,
https://media.mnn.com/assets/images/2015/11/polar%20bear%20in%20Churchill.jpg.653x0_q80_crop-smart.jpg,
https://hughrosephotography.com/wp-content/uploads/2017/03/polar-bears-photo-tour.jpg,
https://www.canadapolarbears.com/data/trip/6-day-polar-bear-package/main/6-day-polar-bear-package.jpg,
http://kids.sandiegozoo.org/sites/default/files/2017-07/animal-hero-polar-bear.jpg,
https://www.spitsbergen-svalbard.com/wp-content/gallery/e-eisbaeren/Baer_10_August_05-_082.jpg,
https://ichef.bbci.co.uk/news/660/cpsprodpb/B04D/production/_86133154_nadinelamoureux_003.jpg,
https://keyassets-p2.timeincuk.net/wp/prod/wp-content/uploads/sites/42/2017/12/14617635-low_res-snow-bears-630x400.jpg,
https://ichef.bbci.co.uk/news/660/cpsprodpb/F10D/production/_91190716_514c7137-279d-42f9-b889-fa0e2cbd4ef9.jpg,
https://m.media-amazon.com/images/M/MV5BMTc2NDA0ODczNV5BMl5BanBnXkFtZTgwMjQ0ODA2MDE@._V1_UY268_CR9,0,182,268_AL_.jpg,
https://s.abcnews.com/images/Lifestyle/polar-bears4-rex-ml-180413_hpEmbed_23x14_992.jpg,
https://oceantoday.noaa.gov/animalsoftheice_polarbears/otkn_514d_animalsoftheice_polarbear_web_1280.jpg,
https://www.nathab.com/uploaded-files/carousels/TRIPS/Classic-Polar-Bears/1a-Classic-Polar-Bears-1-bear.jpg,
http://everythingchurchill.com/wp-content/uploads/2009/04/PolarBear_021.jpg,
http://wondergressive.com/wp-content/uploads/2013/02/polar-bear-funny-dog-death-hug.jpg,
https://projects.oregonlive.com/projectnora/1-3/assets/page-8vQsZ3bILx/section-x1AnpgBaQ5/landscape/image-TrV9IQr24p/nora_swim_red_ball.png,
http://images.mentalfloss.com/sites/default/files/styles/mf_image_16x9/public/cute_polar_bear_6.jpg?itok=Ro7VoFW0&resize=1100x619,
https://cms.qz.com/wp-content/uploads/2016/07/polar-bear-pizza-in-a-mall-e1471323460680.jpg?quality=80&strip=all&w=4000,
https://www.rover.com/blog/wp-content/uploads/2015/02/chowchow-950x540.jpeg,
https://defenders.org/sites/default/files/polar-bears-joan-robins-dpc.jpg,
https://www.stlzoo.org/files/6614/3336/2145/Kali_150528_6993_Ray_Meibaum_Saint_Louis_Zoo.jpg,
https://www.visitrovaniemi.fi/wp-content/uploads/Ranua-Zoo-polar-bears-2-900x505.jpg,
https://media.breitbart.com/media/2015/02/polar-bears-640x480.jpg,
https://backcountrycanadatravel.com/wp-content/uploads/2017/11/polar-bear-404317_1280.jpg,
http://awsassets.wwf.ca/img/original/mid_228514.jpg,
https://www.expeditionsalaska.com/wp-content/uploads/2017/02/13_Oct-polar-bears-2590-1024x680.jpg,
http://www.pbs.org/wnet/nature/files/2014/10/PolarBear-Main-e1415225659274-1280x600.jpg,
https://www.yorkshirewildlifepark.com/wp-content/uploads/2017/04/tickled-pink.jpg,
https://www.visitaalborg.com/sites/default/files/styles/news_and_article_image/public/asp/visitaalborg/z_zoo-dyresamlinger/aalborg-zoo/isbjoerneunger-juli17.jpg?itok=PMtMHc3d,
http://blogs.plos.org/ecology/files/2016/08/Rode_pic1-690x320.jpg,
https://en.visitsvalbard.com/imageresizer/?image=%2Fdbimgs%2F1750%20x%20540%20Isbj%C3%B8rn%20liggende(1).jpg&action=MediaGallery,
https://www.travelocity.com/inspire/wp-content/uploads/2016/12/polarbear2.jpg,
https://www.thelocal.de/userdata/images/article/dfe7968d7cde482670dd8f78b063a1e2acd685f94060599691a298e8a89ef1d6.jpg,
http://ichef.bbci.co.uk/wwfeatures/wm/live/1280_640/images/live/p0/2x/qx/p02xqx0l.jpg,
https://www.nationalgeographic.com/content/dam/photography/PROOF/2017/December/starving_polar_bear/01-starving-polar-bear-CGM_Archimedes_2017_02072.jpg,
https://www.assiniboinepark.ca/images/default-source/default-album/siku.jpg?sfvrsn=4038cb5f_0,
https://i2-prod.mirror.co.uk/incoming/article7221904.ece/ALTERNATES/s1227b/PAY-Polar-Bears.jpg,
https://cdn.pixabay.com/photo/2017/09/29/20/41/polar-bears-2800429_960_720.jpg,
https://www.bear.org/website/images/stories/images/images-new/polar_bear.jpg,
http://s.newsweek.com/sites/www.newsweek.com/files/styles/embed-lg/public/2017/10/18/1018polarbearplastic.jpg,
http://goodnature.nathab.com/wp-content/uploads/2015/09/3-IMG_4301HHHoldsworth_Web.jpg,
http://d2ouvy59p0dg6k.cloudfront.net/img/polarbear_beaufort_1_412880.jpg,
https://1d59b73swr1f1swu2v451xcx-wpengine.netdna-ssl.com/wp-content/uploads/strategy/4f4c21a48c7f8d0489974c2848088267/polar_bear_floating.jpg,
https://louisvillezoo.org/wp-content/uploads/2014/07/hdr_qannik.png,
https://peopledotcom.files.wordpress.com/2018/03/polar-bear-4.jpg,
https://animalfactguide.com/wp-content/uploads/2013/01/iStock_000003820730XSmall.jpg,
https://53744bf91d44b81762e0-fbbc959d4e21c00b07dbe9c75f9c0b63.ssl.cf3.rackcdn.com/media/70/70BAB204-9696-4D30-B64C-E02BEB614D0D/Presentation.Large/polar-bear-male-in-day-bed.jpg,
http://www.post-gazette.com/image/2018/01/01/1140x_q90_a10-7_cTC/US-NEWS-ENV-POLARBEARS-CLIMATECHANGE-LA.jpg,
https://images.theconversation.com/files/88697/original/image-20150716-5070-pb5g71.jpg?ixlib=rb-1.1.0&q=45&auto=format&w=1012&h=668&fit=crop,
https://i2.wp.com/www.churchillwild.com/wp-content/uploads/2017/04/seeingpolarbearsduringsummer.jpg?resize=740%2C344,
https://bloximages.newyork1.vip.townnews.com/stltoday.com/content/tncms/assets/v3/editorial/2/80/2808250c-e121-5a22-9eea-cfd1aef67732/5ad0d8b6ae384.image.jpg,
https://media-cdn.tripadvisor.com/media/photo-s/0c/9d/68/f6/polar-bears-at-yorkshire.jpg,
https://www.mmc.gov/wp-content/uploads/female-staring-2-cubs1.jpg,
https://www.cabq.gov/culturalservices/biopark/images/polar-bear-banner.jpg,
https://img.purch.com/w/660/aHR0cDovL3d3dy5saXZlc2NpZW5jZS5jb20vaW1hZ2VzL2kvMDAwLzAzNy84MDAvb3JpZ2luYWwvcG9sYXItYmVhcnMuanBn,
https://tribktla.files.wordpress.com/2018/02/bear.jpg?quality=85&strip=all&strip=all,
https://ywpf.org/wp-content/uploads/2017/11/Protecting-Polar-Bears-A-Conservation-Update-From-Polar-Bears-International.png,
https://i.ytimg.com/vi/nB7gS5IcD84/maxresdefault.jpg,
http://www.npolar.no/npcms/export/sites/np/no/arter/isbjorn-bilder/NP038322.jpg_1763122600.jpg,
https://www.wildlifeadventures.com/images/stories/Churchill/Churchill_polar_bear_tours_7.jpg,
https://e3.365dm.com/17/10/1096x616/skynews-polar-bears-arctic_4130795.jpg?20171017204505,
https://cdn.discover-the-world.co.uk/images/blog/norway/lightbox/spitsbergen_005392_Roy-Mangersnes---wildphoto.no_www.nordnorge.jpg,
http://www.danintranet.org/storymedia/17956.jpg,
https://cangeo-media-library.s3.amazonaws.com/s3fs-public/styles/web_article_slider_image/public/images/web_articles/article_images/3136/polar_bear.jpg?itok=fHlZdtsW,
https://media.eurekalert.org/multimedia_prod/pub/web/133938_web.jpg,
https://arctickingdom.com/wp-content/uploads/2017/08/NathLasselin-AK-01794-sm.jpg,
https://i1.wp.com/polarbearalley.com/wp-content/uploads/2014/04/1381257_10202309082514158_16969221_n.jpg?resize=640%2C372,
http://www.bearlife.org/images/polar-bear-facts.jpg,
http://thehill.com/sites/default/files/styles/thumb_small_article/public/blogs/polarbear.jpg?itok=RmeZwECc,
https://res.cloudinary.com/uktv/image/upload/b_rgb:000000,w_654,c_fill,q_90,h_367/v1390397846/olpvrn3qwwayw0cnbqhy.jpg,
https://cdn5.img.sputniknews.com/images/104947/39/1049473951.jpg,
http://ambientbluecreative.com/animals/Animal-Info/Animal-InfoBooks/Polar-Bears/_images/pic-swimming-bear.png,
http://zoonooz.sandiegozoo.org/wp-content/uploads/2018/02/PolarBearFish_med-860x450.jpg,
https://s7283.pcdn.co/wp-content/uploads/2014/06/Featured-1024x683.jpg,
https://image.uniquehunting.com/polar-bear/polar-bear360775210.png,
https://iucnredlist-photos.s3.amazonaws.com/medium/1541719369.jpg?AWSAccessKeyId=AKIAJIJQNN2N2SMHLZJA&Expires=1543936898&Signature=O7bo4QDzKuGCrA2yt%2BcLLyz9miM%3D,
https://polarbearscience.files.wordpress.com/2018/02/state-of-polar-bear-report-cover_12-feb-2018-image-with-bottom.jpg?w=500,
http://sciencenordic.com/sites/default/files/imagecache/620x/isbjoern_5.jpg,
https://kids.nationalgeographic.com/content/dam/kids/photos/articles/Nature/H-P/polar-bear-cam.ngsversion.1415396765148.adapt.470.1.jpg,
https://www.naturalworldsafaris.com/~/media/images/destinations/arctic-canada/arctic-canada-ak-polar-bear-mother-and-cubs-copyright-michelle-valberg.jpg,
https://www.macleans.ca/wp-content/uploads/2017/12/DEC19_CHRISTIE_POLARBEARS_POST02.jpg,
https://www.yorkshirewildlifepark.com/wp-content/uploads/2017/02/polar-bear-cone.jpg,
https://39uhx2trii4zt1im-zippykid.netdna-ssl.com/wp-content/uploads/2018/04/Polar_Bear_ANWR_1-900x330.jpg,
https://www.icenews.is/wp-content/uploads/2012/12/Melting-ice-polar-bear01.jpg,
https://3c1703fe8d.site.internapcdn.net/newman/gfx/news/hires/2018/polarbearsfi.jpg,
http://wildcompasstours.com/images/hungry.jpg,
http://churchillpolarbears.org/wp-content/uploads/2014/12/18.jpg,
https://www.thelocal.no/userdata/images/article/a85cc6f508eae3ee13e801d5ea5e4c79fb1185a9c572800dc3fe7aa65bcb33bf.jpg,
https://c8.alamy.com/comp/E45N8M/three-polar-bears-ursus-maritimus-feeding-on-dead-whale-svalbard-norway-E45N8M.jpg,
https://polarbearhabitat.ca/wp-content/uploads/2016/08/Bears_12.jpg,
http://www.tropicalbirding.com/wp-content/blogs.dir/1/files/landing-page-photos/polar-bear-lauram54a0917.jpg,
https://cdn.cnn.com/cnnnext/dam/assets/130220102349-polar-bear-0220-horizontal-large-gallery.jpg,
http://static4.uk.businessinsider.com/image/5a2b02b8ec1ade3d92205d30/polar-bears-arent-actually-white-and-sometimes-they-can-turn-green.jpg,
https://polarbearagreement.org/images/img/1973.jpg,
https://www.earthrangers.com/content/wildwire/polar_bear_water_credit_mape_s.jpg,
https://i1.wp.com/the-ipf.com/wp-content/uploads/2016/02/Polar-bears-sparring-in-the-lake.jpg,
https://www.quarkexpeditions.com/sites/default/files/styles/content-slideshow/public/wildlife/polar-bears.jpg?itok=_gp24C8P,
http://zoo.sandiegozoo.org/sites/default/files/styles/hero_1028-527/public/polar-bear.jpg?itok=bsR1YOai,
https://livekindlyproduction-8u6efaq1lwo6x9a.stackpathdns.com/wp-content/uploads/2018/02/polar-bear-2.jpg,
https://19mvmv3yn2qc2bdb912o1t2n-wpengine.netdna-ssl.com/science/files/2015/07/8185281699_bfd53a21de_k.jpg,
https://www.natgeokids.com/wp-content/uploads/2017/02/Facts-about-polar-bears-3.jpg,
https://www.ctvnews.ca/polopoly_fs/1.3845591.1521198873!/httpImage/image.jpg_gen/derivatives/landscape_620/image.jpg,
https://images.fastcompany.net/image/upload/w_596,c_limit,q_auto:best,f_auto,fl_lossy/wp-cms/uploads/2017/10/i-Wildlife2.jpg,
https://files.explore.org/files/Tundra-Buggy-Lodge-South-033856833.jpg,
https://nationalpostcom.files.wordpress.com/2017/06/polarbear-for-june-20.jpg,
http://www.comozooconservatory.org/wp-content/uploads/2011/02/marquee_1.jpg,
https://lookaside.fbsbx.com/lookaside/crawler/media/?media_id=1422263821385079,
http://i.dailymail.co.uk/i/pix/2011/12/08/article-2071638-0F1ACEF300000578-404_634x434.jpg,
https://www.irishcentral.com/uploads/article/99949/cropped_MI%2BPolar%2BBear%2BIrish%2BDNA.jpg?t=1519722177,
http://img.src.ca/2014/12/02/635x357/141202_oh8nk_rci-m-twobears-hug_sn635.jpg,
https://defendersblog.org/wp-content/uploads/2016/04/when-I-grow-up-polar-bears-Debbie-Tubridy.jpg,
https://www.canadiantrainvacations.com/data/trip/polar-bear-rail-and-fly/slideshow/polar-bear.jpg,
https://timenewsfeed.files.wordpress.com/2012/04/polarbears.jpg?w=360&h=240&crop=1,
https://oceanconservancy.org/wp-content/uploads/2016/10/Debbie_Tubridy_PolarBearsonGround-1.jpg,
https://secure.defenders.org/ac/img/adoptions/plushes/large/polarbear-large-plush.jpg,
https://www.todayonline.com/sites/default/files/styles/new_app_article_detail/public/photos/43_images/inuka_0.jpg?itok=oKBC-3PH,
https://images-na.ssl-images-amazon.com/images/I/5192hjOzMbL._SX398_BO1,204,203,200_.jpg,
https://cdn2.tropicalsky.co.uk/images/970x340/polar-bear-holidays.jpg,
http://animals.sandiegozoo.org/sites/default/files/2016-10/polar_bear_water_snow_0.jpg,
https://www.marylandzoo.org/wp-content/uploads/2017/12/JFB5680.jpg,
https://study.com/cimages/multimages/16/screen_shot_2016-02-11_at_7.33.38_pm.png,
https://1u594u31nvw01cjgyx4gvsr15ge-wpengine.netdna-ssl.com/wp-content/blogs.dir/1/files/2016/02/WEB_352442.jpg,
http://www.kidzone.ws/sg/polarbear/polar_1.jpg,
https://upload.wikimedia.org/wikipedia/commons/thumb/0/04/Play_fight_of_polar_bears_edit_1.ogv/220px--Play_fight_of_polar_bears_edit_1.ogv.jpg,
http://cdn3.discoverwildlife.com/sites/default/files/imagecache/623px_wide/main/Polar%20bears_Chase%20Dekker%20Wild-Life%20Images_Getty%20(fighting%20over%20seal%20carcass,%20Svalbard)_623.jpg,
http://www.softschools.com/facts/images/polar_bear.jpg,
https://static.boredpanda.com/blog/wp-content/uploads/2016/02/cute-baby-polar-bear-day-photography-fb3__700-png.jpg,
https://static01.nyt.com/images/2018/04/09/climate/cli-polarbears-illo/cli-polarbears-illo-articleLarge.jpg?quality=90&auto=webp,
https://c402277.ssl.cf1.rackcdn.com/photos/10339/images/hero_full/MID_112436.jpg?1447173627,
https://media.nbcsandiego.com/images/652*367/SeaWorld+San+Diego+Polar+Bears+6.18.14.jpg,
https://oceanwide-4579.kxcdn.com/uploads/media-dynamic/cache/widen_1100/uploads/media/default/0001/26/thumb_25681_default_900.jpeg,
https://www.assiniboinepark.ca/images/default-source/default-album/nanuq.jpg?sfvrsn=b638cb5f_0,
http://cincinnatizoo.org/wp-content/uploads/2014/02/polar-bear.jpg,
https://www.scholastic.com/content5/media/products/50/9780545282550_mres.jpg,
https://cdn.britannica.com/700x450/86/180386-049-240A9CFA.jpg,
http://www.marinebio.net/marinescience/04benthon/arcimg/pb5123.jpg,
https://timedotcom.files.wordpress.com/2017/02/01-climate-change-paul-nicklen-polar-bear.jpg?quality=85,
https://media.mnn.com/assets/images/2014/02/PolarBearFacts01_e_0227.jpg.560x0_q80_crop-smart.jpg,
http://ambientbluecreative.com/animals/Animal-Info/Animal-InfoBooks/Polar-Bears/_images/pic-thermoregulation.png,
https://pixfeeds.com/images/2/183531/1200-168261614-polar-bear-walking.jpg,
http://www.allaboutwildlife.com/wp-content/uploads/2011/07/Polar_Bear.jpg,
https://assets.nrdc.org/sites/default/files/styles/full_content/public/media-uploads/wlds17_184061288_2108x1425_0.jpg?itok=16ZZAwS6,
http://justfunfacts.com/wp-content/uploads/2015/10/polar-bear.jpg,
http://icestories.exploratorium.edu/dispatches/wp-content/uploads/2008/05/polar_bear2.jpg,
http://www.technoexaminer.com/wp-content/uploads/2016/12/how-big-do-polar-bears-get_7b8990a2-05f5-4658-a663-264134df9eb1.jpg,
http://www.polarbearendangered.com/wp-content/uploads/2013/12/polar-bear-31.jpg,
http://ichef.bbci.co.uk/wwfeatures/wm/live/1280_640/images/live/p0/2b/31/p02b31xm.jpg,
https://news.nationalgeographic.com/content/dam/news/photos/000/376/37647.ngsversion.1421960418610.adapt.1900.1.jpg,
https://gondwanaecotours.com/wp-content/uploads/ewpt_cache/275x275_85_1_c_FFFFFF_8ca02ba06c686250a7153822978b12b1_viewing-polar-bears-from-a-heated-boat-1.jpg,
https://www.expeditionsalaska.com/wp-content/uploads/2016/11/14-polar-bear-16553-panos.jpg,
https://thebarentsobserver.com/sites/default/files/styles/full_width/public/eating_polar_bear_1.jpg?itok=tWc864aA,
https://hughrosephotography.com/wp-content/uploads/2017/03/polar-bear-photography-tour-kakovik-ak.jpg,
http://www.zooborns.com/.a/6a010535647bf3970b01b8d1afaf25970c-800wi,
https://en.visitsvalbard.com/dbimgs/005395_Roy%20Mangersnes%20-%20wildphoto_no_www_nordnorge_com_Longyearbyen(1).jpg,
https://805825818919077507.weebly.com/uploads/6/8/4/6/6846294/2483645_orig.jpg,
https://d36tnp772eyphs.cloudfront.net/blogs/1/2012/11/%C2%A9Matador.Network.PolarBears-01-940x435.jpg,
https://theculturetrip.com/wp-content/uploads/2017/02/6375873931_9046c0c779_b.jpg,
http://siberiantimes.com/PICTURES/OTHERS/Polar-bears-Oboimov/bears%2017.jpg,
https://cdn.mbl.is/frimg/8/98/898037.jpg,
https://qph.fs.quoracdn.net/main-qimg-b3adb689709d62696fb1c3b128bb11c8,
https://www.stlzoo.org/files/7014/3103/2275/Polar_bear_Kali_at_Buffalo_Zoo.jpg,
https://www.wired.com/images_blogs/wiredscience/2011/07/polarbear7.jpg,
http://www.ucl.ac.uk/news/news-articles/1106/Polar_bear_1_croped.jpg,
https://process.images.nathab.com/A6dTpd53SmIg0pBfJJhgAz/resize=width:960/https://www.nathab.com/uploaded-files/carousels/TRIPS/Classic-Polar-Bears/Classic-Polar-Bears-2-rover.jpg,
https://www.hshairclinic.co.uk/uploads/assets/uploads/2015/08/polar-bear-1.jpg,
http://kids.sandiegozoo.org/sites/default/files/2017-07/unique_polarbear-swim.jpg,
https://frontiersnorth.com/sites/default/files/u19/54839727bd0c2-imgp1954_0.jpg,
https://cdn.newsapi.com.au/image/v1/70afa9ee47df127abfbbf6bbdf3664b3?width=1024,
http://www.northeasternontario.com/wp-content/uploads/2017/01/Bear2_1.jpg,
http://assets.rebelcircus.com/blog/wp-content/uploads/2016/04/polar-bears-now-eating-dolphins-.jpg,
https://i2-prod.mirror.co.uk/incoming/article12497155.ece/ALTERNATES/s615/PROD-MAIN-polar-bears-and-penguins-extinct-in-40-years-main.jpg,
https://gifts.worldwildlife.org/gift-center/images/species-adoptions/Polar-Bear/family-Polar-Bear-plush-z1.jpg,
http://www.divephotoguide.com/images/lightboximage/orig/1464858941.jpg,
http://study.com/cimages/videopreview/0fs98ptxvf.jpg,
http://sciencenordic.com/sites/default/files/imagecache/440x/polar%20bear%20pollution_0.jpg,
https://i.ytimg.com/vi/bQtnv1VGYBI/maxresdefault.jpg,
https://image.slidesharecdn.com/polarbears-150822165431-lva1-app6891/95/polar-bears-3-638.jpg?cb=1440262566,
http://i.imgur.com/0agqo1y.jpg,
https://www.town.stanthony.nf.ca/Did%20you%20know%20polar%20bears%201_files/image002.jpg,
https://news-images.vice.com/images/articles/meta/2015/01/28/polar-bears-penile-bones-are-breaking-because-of-industrial-pollution-1422480777.jpg?crop=1xw:0.2808219178082192xh;0xw,0xh&resize=1200:*&output-format=image/jpeg&output-quality=75,
https://polarbearhabitat.ca/wp-content/uploads/2016/08/Bears_32.jpg,
http://img01-us-we-ng.prod.fotomerchant.com/E5XANBQDBO-1YV-DTEZBJ/570cdab77f450.jpg?w=480&fit=clip&q=75&orient=0&s=fb739cfeccf3e46a56696157577bf03c,
http://www.pbs.org/wnet/nature/files/2010/07/polarbear-isolated.jpg,
http://simplecore.intel.com/newsroom/wp-content/uploads/sites/11/2017/10/Intel-polar-bear-research-5-small.jpg,
https://cdn.pixabay.com/photo/2017/10/06/03/52/sparing-polar-bears-2821903_960_720.jpg,
https://peopledotcom.files.wordpress.com/2018/03/polar-bears.jpg?crop=0px%2C0px%2C2000px%2C1050px&resize=1200%2C630,
https://d1o50x50snmhul.cloudfront.net/wp-content/uploads/2017/05/12153109/joukeprop-pbcolony-800x533.jpg,
https://www.sciencedaily.com/images/2014/05/140508121359_1_540x360.jpg,
https://i2.wp.com/zooologist.com/wp-content/uploads/2017/11/Do-Polar-Bears-Have-Tails-Polar-Bear-Tail.jpg?fit=960%2C640,
http://www.cutestpaw.com/wp-content/uploads/2015/09/s-Polar-bear-cub.jpg,
http://www.natures-images.co.uk/wp-content/uploads/2017/09/Male-Polar-Bears-fighting-301.jpg,
https://projects.oregonlive.com/projectnora/1-3/assets/page-8vQsZ3bILx/section-LNFMWS0Blu/landscape/image-ISseI4KU2T/historical_bears_tasul_conrad.png,
https://www.wwf.org.uk/sites/default/files/styles/hero_s/public/2017-03/POLAR%20BEAR%20ARTICLE%20BANNER.jpg?h=7aefd044&itok=hpHZHa_S,
https://arctickingdom.com/wp-content/uploads/2017/05/davebriggsphotography-049A0034-1.jpg,
http://www.bearlife.org/images/polar-bears-endangered.jpg,
http://wildtrack.org/wp-content/uploads/2013/05/6.polar_bear-300_200.gif,
http://goodnature.nathab.com/wp-content/uploads/2016/11/Classic-Polar-Bears-5-bear-cub.jpg,
https://www.sciencenews.org/sites/default/files/main/articles/sm_polarbear_free.jpg,
https://polarbearfacts.net/wp-content/uploads/2017/10/polar-bear-cub-1.jpg,
http://www.alaska.org/photos/gallery3/var/albums/Fairbanks-Photos/Polar-Bear-Expedition/Polar%20Bear%20Expedition-03.jpg?m=1397000248,
https://inhabitat.com/wp-content/blogs.dir/1/files/2017/12/Polar-bear-889x513.jpg,
http://www.takepart.com/sites/default/files/styles/large/public/polar-bear-1.jpg,
https://www.myyellowknifenow.com/wp-content/uploads/2017/06/polar-bear-404314_960_720.jpg,
https://nationalpostcom.files.wordpress.com/2017/03/qmi_trav_robin_go2015bb.jpg,
https://cf.geekdo-images.com/opengraph/img/l3uC1DccuQzb47w1cUrc1Bf94No=/fit-in/1200x630/pic3621230.jpg,
https://s7283.pcdn.co/wp-content/uploads/2014/07/Polar-Bear-1-2-1024x683.jpg,
https://www.yorkshirewildlifepark.com/wp-content/uploads/2017/02/polarbears-wild-2.jpg,
https://thumbs-prod.si-cdn.com/_Q1rNHTkBo5iHOunNPkc1PFv0iM=/1024x596/https://public-media.smithsonianmag.com/filer/4b/af/4baf604c-925a-4d39-b585-7419d9e8d290/c095ww.jpg,
https://louisvillezoo.org/wp-content/uploads/2014/08/anm_polarbear_01.jpg,
https://www.cabq.gov/culturalservices/biopark/zoo/images/polarbearexhibit.jpg,
https://www.telegraph.co.uk/content/dam/science/2018/03/07/Cub-1_preview_trans_NvBQzQNjv4BqIHv0RRs-CKK7UxtjOr2b1aI16-VinwprxxDka6CL7LU.jpeg?imwidth=450,
https://www.activewild.com/wp-content/uploads/2018/04/polar-bear-624x416.jpg,
https://media1.s-nbcnews.com/j/newscms/2017_45/2220276/171109-alaska-polar-bears-mc_4_7b08a470c0c67cfd6864763399380379.fit-760w.JPG,
http://advocacy.britannica.com/blog/advocacy/wp-content/uploads/polar-bears-3.jpg,
https://metrouk2.files.wordpress.com/2017/02/146166863.jpg?w=620&h=474&crop=1,
http://www.ameri-cana.com/media/1280/polar-bear7.jpg?mode=pad&rnd=130843679690000000,
https://files.adventure-life.com/73/40/6/s9vwn8ak/fullsize.jpg,
https://www.visitmysmokies.com/wp-content/uploads/2015/04/Close-up-photo-of-a-polar-bear.png,
http://awsassets.wwf.ca/img/original/mid_296518.jpg,
https://polarbearsinternational.org/img/pb1-hero.jpg,
https://d19lgisewk9l6l.cloudfront.net/assetbank/Jumping_polar_bear_32142.jpg,
https://s.abcnews.com/images/US/abc_polarbears4_le_171116_4x3_992.jpg,
https://cbsnews3.cbsistatic.com/hub/i/r/2018/02/02/e6b13b5a-e0d2-4638-be1f-8ded0ba8e8dc/thumbnail/1200x630/d34660433aad5961d18b56324ee4d142/cbsn-fusion-polar-bears-struggle-as-arctic-ice-melts-thumbnail-1494473-640x360.jpg,
https://d36tnp772eyphs.cloudfront.net/blogs/1/2012/11/%C2%A9Matador.Network.PolarBears-27-940x940.jpg,
http://www.sciencemag.org/sites/default/files/styles/article_main_large/public/images/sn-polarbears.jpg?itok=PUezMqXv,
http://www.sciencekids.co.nz/images/facts/animals/polarbear200.jpg,
http://zoonooz.sandiegozoo.org/wp-content/uploads/2015/11/8460096040_095dc3a9d0_h-860x450.jpg,
https://www.frontier-canada.co.uk/uploaded_images/1325697843_polarbear3.jpg,
https://img.washingtonpost.com/wp-apps/imrs.php?src=https://img.washingtonpost.com/blogs/wonkblog/files/2014/11/82989.jpg&w=480,
https://static.boredpanda.com/blog/wp-content/uploads/2016/02/cute-baby-polar-bear-day-photography-18__880.jpg,
https://i2.wp.com/fabiusmaximus.com/wp-content/uploads/2016/11/polar-bears.jpg?resize=625%2C352&ssl=1,
https://i1.wp.com/polarbearalley.com/wp-content/uploads/2015/01/Sparring-1.jpg?fit=1200%2C795,
http://macaulay.cuny.edu/eportfolios/climatechange/files/2014/12/No-ice.jpg,
http://hdqwalls.com/wallpapers/polar-bear-cold-snow-5k-el.jpg,
https://ichef.bbci.co.uk/news/624/cpsprodpb/F003/production/_86134416_gettyimages-77960097.jpg,
http://www.outdoorphotographer.com/wp-content/uploads/2015/11/Polar-bear-cub-playing-with-vertabrae-Arctic-National-Wildlife-Refuge-Alaska-USA.jpg,
https://pmdvod.nationalgeographic.com/NG_Video_DEV/951/927/polar-bears_480x360.jpg,
https://iucnredlist-photos.s3.amazonaws.com/medium/192396236.jpg?AWSAccessKeyId=AKIAJIJQNN2N2SMHLZJA&Expires=1543936898&Signature=2cRQBKtcY2JpA2jDrxyUKIh3UIA%3D,
https://lonelyplanetwp.imgix.net/2017/01/GettyImages-599854185_full-9c5b327cf784.jpg?fit=min&q=40&sharp=10&vib=20&w=1470,
https://notalotofpeopleknowthat.files.wordpress.com/2015/09/image47.png,
https://expl-media.azureedge.net/mediacontainer/medialibraries/explore/explore-media/blogs/polar-bear.jpg?ext=.jpg,
http://ichef.bbci.co.uk/images/ic/976xn/p025hf4s.jpg,
https://res.cloudinary.com/simpleview/image/upload/c_fill,f_auto,h_400,q_75,w_600/v1/clients/manitoba/bear_in_flowers_fd097a0c-50fe-49fe-84da-9ccb97cb42fb.jpg,
http://blogs.nature.com/news/thegreatbeyond/Polar_bear_under_water.jpg,
https://www.natgeokids.com/wp-content/uploads/2017/02/Facts-about-polar-bears-4.jpg,
http://programmes.putin.kremlin.ru/media/2010/7/28/33077/photolenta_big_photo.jpeg,
http://churchillpolarbears.org/wp-content/uploads/2015/10/PA170100-Edit-1-1024x768.jpg,
https://cdn5.tropicalsky.co.uk/images/560x420/polar-bears-credit-michael-poliza-churchill-wild.jpg,
https://cdn.theculturetrip.com/wp-content/uploads/2017/02/6796979246_2ba36b62bf_k-1024x693.jpg,
http://www.adventurewomen.com/wp-content/uploads/2016/05/2.-iStock_000017491041_Large-2-polar-bears-on-pack-ice-WP.jpg,
https://gondwanaecotours.com/wp-content/uploads/ewpt_cache/275x275_85_1_c_FFFFFF_5f65d1f69204c23ddcea6e57931ae89e_a-polar-bear-family.jpg,
https://www.biggerbolderbaking.com/wp-content/uploads/2016/11/FB_002_Pictures_43.jpg,
https://nsidc.org/sites/nsidc.org/files/images//polar_bear.jpg,
https://www.aboutanimals.com/images/polar-bear-arctic-ice-sense-of-smell-820x459.jpg?c14113,
http://d2ouvy59p0dg6k.cloudfront.net/img/help_save_their_home_493684.png,
https://www.canadapolarbears.com/data/images/region-interest/polar-bear.jpg,
https://images-na.ssl-images-amazon.com/images/I/51EnmEP0SmL._AC_UL320_SR260,320_.jpg,
https://cdn.images.express.co.uk/img/dynamic/128/590x/secondary/Polar-bears-715574.jpg,
http://www.zooborns.com/.a/6a010535647bf3970b01b7c8f10609970b-800wi,
https://polarbearscience.files.wordpress.com/2017/02/polar-bear-feeding_shutterstock_sm.jpg?w=500,
http://landscapesandcycles.net/image/110176778.jpg,
https://greentumble.com/wp-content/uploads/2016/06/How-Are-Polar-Bears-Affected-by-Global-Warming.jpg,
http://dreamstop.com/wp-content/uploads/2016/08/polar-bear-dream.jpg,
http://www.epicroad.com/picture/torncatpolarbear2?pictureId=14318340,
https://img.purch.com/w/660/aHR0cDovL3d3dy5saXZlc2NpZW5jZS5jb20vaW1hZ2VzL2kvMDAwLzAxOC8xNTIvb3JpZ2luYWwvYmVhcjEuanBn,
https://vignette.wikia.nocookie.net/uncyclopedia/images/4/41/Polarbear.jpg/revision/latest/scale-to-width-down/180?cb=20060120225510,
https://www.atozkidsstuff.com/images/animals/polarbear/polarbearteeth.jpg,
http://www.alaska.org/assets/content/sliders/Activities/Polar%20Bear%20Expeditions/polar-bear-expeditions-3.jpg,
https://i.ytimg.com/vi/Byw9Dm9xy4E/maxresdefault.jpg,
https://www.cbc.ca/kidscbc2/content/the_feed//newpolarbearheader.jpg,
https://www.hoglezoo.org/wp-content/themes/hoglezoo_new/images/animal_finder/PoarBear2.jpg,
https://www.critterbabies.com/wp-content/gallery/polar-bear/baby-polar-bear-toronto-zoo.png,
https://vignette.wikia.nocookie.net/admascots/images/e/e5/Coke_Bears.jpg/revision/latest?cb=20151204191016,
https://www.peregrineadventures.com/blog/wp-content/uploads/2011/07/allan-hoopkins-2-800x480.jpg,
https://d28hgpri8am2if.cloudfront.net/book_images/cvr9781416967873_9781416967873_hr.jpg,
http://ichef.bbci.co.uk/wwfeatures/wm/live/624_351/images/live/p0/2b/2v/p02b2vl8.jpg,
http://d2ouvy59p0dg6k.cloudfront.net/img/94645_vanworld_c1_044_1_362014.jpg,
https://www.assiniboinepark.ca/images/default-source/default-album/juno-full-body.jpg?sfvrsn=b259c95f_0,
https://www.wwf.org.uk/sites/default/files/styles/content_slide_image/public/2016-09/Large_WW22782.jpg?h=22f85627&itok=IUUeEin2,
https://natureguelphtracking.files.wordpress.com/2014/11/polar-bears-2014-110.jpg,
https://arctickingdom.com/wp-content/uploads/2017/05/049A0050.jpg,
https://gothunts.com/wp-content/uploads/sites/12/2014/10/Another-great-polar-bear.jpg,
http://www.neaq.org/wp-content/uploads/2017/02/BLOG_Polar-bear_attribution.jpg,
http://pmdvod.nationalgeographic.com/NG_Video/601/327/MAR_polarbear__224020.jpg,
https://www.expeditionsalaska.com/wp-content/uploads/2016/11/14-polar-bear-9219-1024x682.jpg,
https://s7283.pcdn.co/wp-content/uploads/2014/07/Polar-Bear-4.jpg,
https://oceanwide-4579.kxcdn.com/uploads/media-dynamic/cache/widen_1100/uploads/media/default/0001/18/thumb_17490_default_900.jpeg,
http://1.bp.blogspot.com/-r3tlulfcYE4/VJi-sjyFpiI/AAAAAAAAUtA/EYUJTrN00ls/s1600/Polar%2BBear%2BMask%2B5.jpg,
http://www.north-slope.org/assets/images/made/assets/images/uploads/Polar%20Bear%20Safety%20poster_664_498_60.jpg,
https://www.naturalworldsafaris.com/~/media/images/destinations/svalbard/svalbard-wildlife-polar-bear.jpg,
https://www.stlzoo.org/files/3214/3342/8592/Kali_polar_bear_DSC05155_Jeff_Wilson_Saint_Louis_Zoo.jpg,
https://static01.nyt.com/images/2016/12/13/world/americas/14PolarBears-Web-slide-XXSR/14PolarBears-Web-slide-XXSR-superJumbo.jpg,
https://i2-prod.mirror.co.uk/incoming/article7404714.ece/ALTERNATES/s615/Polar-bear.jpg,
http://america.aljazeera.com/content/ajam/articles/2015/4/2/polar-bears-land-ice-climate/jcr:content/headlineImage.adapt.1460.high.polar_bears_land_diet_040215.1427994490958.jpg,
https://static.tvtropes.org/pmwiki/pub/images/polar_bears_and_penguins.jpg,
https://s1.reutersmedia.net/resources/r/?m=02&d=20120406&t=2&i=591809665&r=CBRE8351UN600&w=1280,
https://s.hswstatic.com/gif/polar-bear-4.jpg,
https://secure.i.telegraph.co.uk/multimedia/archive/01933/bears_1933632c.jpg,
http://d2akrl9rvxl3z3.cloudfront.net/img/mid_26689_1_31413.jpg,
https://cbsnews2.cbsistatic.com/hub/i/r/2018/02/04/7cfaa5c3-2b5f-41aa-b454-8de5c4a9dd0b/thumbnail/1200x630/6f801e349f60f5b1d6182039e0846a5c/0203-eve-saberi-polarbears-1495217-640x360.jpg,
https://static.boredpanda.com/blog/wp-content/uploads/2016/02/cute-baby-polar-bear-day-photography-35__880.jpg,
http://www.eagle-eye.com/sites/default/files/image_rotations/floe-edge-2017-CGillies-4.jpg,
https://cdn.britannica.com/700x450/04/161504-004-12268451.jpg,
https://lookaside.fbsbx.com/lookaside/crawler/media/?media_id=827935733997044,
https://polarbearfacts.net/wp-content/uploads/2017/09/polar-bear-3.jpg,
http://www.canadanorthoutfitting.com/wp-content/uploads/2015/03/polar-bears-in-the-arctic.jpg,
http://1.bp.blogspot.com/_RBOY6FSVz0w/TT2PZ1hqjnI/AAAAAAAAAWA/FQC8IBJhXHs/s1600/polar-bear.jpg,
http://lastpolarbears.com/wp-content/uploads/2017/07/2012-06-01-cover.jpg,
https://c402277.ssl.cf1.rackcdn.com/photos/12336/images/story_full_width/Medium_WW215268.jpg?1475602056,
https://www.mmc.gov/wp-content/uploads/14318836467_d2ed2f71a7_o.jpg,
https://kidzfeed.com/wp-content/uploads/2017/08/Polar-bear-facts-for-kids-1.jpg,
http://images.mentalfloss.com/sites/default/files/styles/width-constrained-728/public/532061-istock-153473642.jpg?itok=Dooc9Y-D,
https://cdn.cnn.com/cnnnext/dam/assets/111028210115-polar-bear-2-exlarge-169.jpg,
http://planetjh.com/wp-content/uploads/2018/01/05-Starving-Polar-Bear.jpg,
https://1d59b73swr1f1swu2v451xcx-wpengine.netdna-ssl.com/wp-content/uploads/strategy/53ad434e8f86efc6d3285e60ee02ff3a/polarbear_4.jpg,
https://i.kinja-img.com/gawker-media/image/upload/s--9TST5aDy--/c_scale,f_auto,fl_progressive,q_80,w_800/17k5fcwq0wr5ljpg.jpg,
https://assets.marthastewart.com/styles/wmax-520-highdpi/d25/homemade-igloo-2-mslb7063/homemade-igloo-2-mslb7063_vert.jpg?itok=BZLK2mTG,
https://d36tnp772eyphs.cloudfront.net/blogs/1/2012/11/%C2%A9Matador.Network.PolarBears-02-940x616.jpg,
https://cdn.discover-the-world.co.uk/images/blog/canada/lightbox/canada_arctic_AK_Polar-bear-in-ice-1.jpg,
https://metrouk2.files.wordpress.com/2017/02/110111463.jpg?quality=80&strip=all,
https://img.washingtonpost.com/wp-apps/imrs.php?src=https://img.washingtonpost.com/news/animalia/wp-content/uploads/sites/56/2016/05/pizzly2.jpg&w=480,
https://images.parents.mdpcdn.com/sites/parents.com/files/images/84cnVoNDE6T25JJInnd5025mV2jXVOOI.jpg,
https://jooinn.com/images/polar-bear-68.jpg,
http://www.hww.ca/kaboom/images/Mammals/Polar-Bear/Polar-Bear_Gary-Edgar-Morgan.jpg,
http://goodnature.nathab.com/wp-content/uploads/2014/02/WWFTogether_PolarBearFacetime-1024x768.png,
http://www.waza.org/files/images/w(415)h(252)c(1)q(90)/d25c596f6c2da7521d4aa739a5f8c6b6.jpg,
https://i0.wp.com/zooologist.com/wp-content/uploads/2017/11/do-polar-bears-eat-arctci-foxes.jpg?resize=696%2C464,
https://www.nathab.com/uploaded-files/Video%20Page/PB-NHA-WWF-thumb.jpg,
https://d1o50x50snmhul.cloudfront.net/wp-content/uploads/2017/05/12153411/pbrsig_fromcl1-800x533.jpg,
http://ichef.bbci.co.uk/images/ic/1600xn/p025h3pb.jpg,
https://vignette.wikia.nocookie.net/thehuntergame/images/a/af/My_first_3_Polar_Bears/revision/latest/scale-to-width-down/400?cb=20160310131158,
http://animals.sandiegozoo.org/sites/default/files/2016-10/polar_bear_arctic_0.jpg,
https://www.wired.com/wp-content/uploads/archive/images/index/2008/07/polar_bear_630x.jpg,
http://www.polarbearendangered.com/wp-content/uploads/2013/12/polar-bear-2.jpg,
https://www.natgeokids.com/wp-content/uploads/2017/02/Facts-about-polar-bears.jpg,
http://programmes.putin.kremlin.ru/media/2010/7/28/33068/photolenta_big_photo.jpeg,
http://www.atozkidsstuff.com/images/polarbear/polarbearden.jpg,
http://www.catersnews.com/wp-content/uploads/2014/12/0_CATERS_David_Jenkins_Polar_Bear_Pics_05-800x498.jpg,
https://www.scholastic.com/content5/media/products/00/9780545656900_mres.jpg,
https://s.abcnews.com/images/International/polar-bear-cub-london-01-ap-jef-180320_2_12x5_992.jpg,
https://images-na.ssl-images-amazon.com/images/I/81p2qkrFl8L.jpg,
https://53744bf91d44b81762e0-fbbc959d4e21c00b07dbe9c75f9c0b63.ssl.cf3.rackcdn.com/media/D0/D0E2EB64-2B60-4D34-992D-3B7A9FDEA837/Presentation.Large/Polar-bear-cub-peering-over-adult-female.jpg,
http://bearwithus.org/wp-content/uploads/2012/09/Polar-bearcubs-Roy-de-Haa.jpg,
http://www.pbs.org/wnet/nature/files/2008/06/ArcticBears-GrizzlyEvolution.jpg,
https://static.boredpanda.com/blog/wp-content/uploads/2016/02/cute-baby-polar-bear-day-photography-23__880.jpg,
https://www.responsiblevacation.com/imagesclient/L_147574.jpg,
https://static1.squarespace.com/static/53a09a74e4b0a181d652120c/t/568af90769a91a2847e5cbe6/1451948309602/,
http://blogs.discovermagazine.com/imageo/files/2018/02/Screen_Shot_2018-02-02_at_4_15_44_PM.jpg,
https://cdn.pixabay.com/photo/2015/04/06/17/42/polar-bear-709682_960_720.jpg,
http://www.marinebio.net/marinescience/04benthon/arcimg/pb5128.jpg,
https://www.oceansoffun.org/uploads/conservation/polarbear_3.jpg,
http://www.gwinnett.k12.ga.us/CooperES/Teacher_Websites/Watson_Web/06073rd_marine_biology_site/kellieUrsus_maritimus1.jpeg,
https://www.earthrangers.com/content/wildwire/luminescence.jpg,
https://cdn.images.express.co.uk/img/dynamic/128/590x/secondary/Polar-bears-1219454.jpg,
https://media.mnn.com/assets/images/2015/10/polar-bear-swimming.jpg.638x0_q80_crop-smart.jpg,
https://imgs.mongabay.com/wp-content/uploads/sites/22/2015/10/03170344/polar-bears-feeding-on-the-carcass-of-a-fin-whale_DanielJCox-NaturalExposures.jpg,
https://s.hswstatic.com/gif/polar-bear-1.jpg,
http://ichef.bbci.co.uk/wwfeatures/wm/live/624_351/images/live/p0/2b/3f/p02b3f2z.jpg,
https://www.oregonzoo.org/sites/default/files/styles/article-full/public/2016/12/29/H_Nora-snow-polar-bear.jpg?itok=dSllSkBq,
https://qph.fs.quoracdn.net/main-qimg-a3e8e9daea21f9e6bfc9776fdb6157af,
https://polarbearscience.files.wordpress.com/2015/09/barents-sea-bear-2015-august-cobbing_npi.jpg,
https://res.cloudinary.com/jpress/image/fetch/c_fill,f_auto,h_560,q_auto:eco,w_840/https://inews.co.uk/wp-content/uploads/2018/03/polar-bear-copy-840x560.jpg,
https://dingo.care2.com/pictures/greenliving/uploads/2014/02/praying-for-polar-bears.jpg,
http://www.zooborns.com/.a/6a010535647bf3970b01bb08fd1b8f970d-800wi,
https://i.pinimg.com/736x/36/f3/a8/36f3a854a5382a6405fe2c698958e4a1--baby-polar-bears-teddy-bears.jpg,
http://www.cutestpaw.com/wp-content/uploads/2015/11/s-Polar-bear-cuddle..jpeg,
https://oceanwide-4579.kxcdn.com/uploads/media-dynamic/cache/widen_1100/uploads/media/default/0001/18/thumb_17485_default_900.jpeg,
http://www.takepart.com/sites/default/files/styles/inline_thumbnail/public/polarbearsweat.jpg?itok=hqLYoaSh,
https://frontiersnorth.com/sites/default/files/u19/jpimg_0062_0.jpg,
https://animalfactguide.com/wp-content/uploads/2013/01/polarbearcubs.jpg,
https://www.assiniboinepark.ca/images/default-source/Zoo/Animals/polar-bears---kaska.jpg?sfvrsn=ac7fcf5f_2,
https://images.parents.mdpcdn.com/sites/parents.com/files/images/550_102006100_w.jpg,
https://www.wwf.org.uk/sites/default/files/styles/hero_l/public/2017-07/Climate_hero-banner_polarbearcub_orange.jpg?h=5965361f&itok=VFWZazEm,
https://www.coca-colacompany.com/content/dam/journey/us/en/global/2013/03/polar-bears-ice-604-604-337-ef3ee24c.rendition.598.336.jpg,
http://www.sciencemag.org/sites/default/files/styles/article_main_large/public/images/sn-polarbear_0.jpg?itok=rvw63MOo,
http://www.endangered.org/cms/assets/uploads/2013/07/polarbear.jpg,
http://everythingchurchill.com/wp-content/uploads/2009/04/PolarBear_03.jpg,
https://guidetoiceland.imgix.net/328178/x/0/beware-of-polar-bears-in-iceland-it-is-now-puffin-hunting-season-7?auto=compress%2Cformat&ch=Width%2CDPR&dpr=1&h=630&ixlib=php-2.1.0&w=1200&s=acdf649140ed3e0116ad69834e85586f,
http://thefinfoundation.org/wp-content/uploads/2009/04/polar-bears-momand-cubs.jpg,
https://www.expeditionsalaska.com/wp-content/uploads/2016/11/14-polar-bear-16045-1024x682.jpg,
https://media.treehugger.com/assets/images/2017/02/19437944720_8771478ce7_z.jpg,
https://s3.eu-west-1.amazonaws.com/originaltravel.assets.d3r.com/images/gallery/299651-istock-churchill-polar-bears-2.jpg,
http://www.hamleys.com/images/_lib/hamleys-pasha-polar-bear-soft-toy-92612-0-1443449283000.jpg,
https://i.guim.co.uk/img/static/sys-images/Guardian/Pix/pictures/2011/7/7/1310052081077/A-polar-bear-007.jpg?w=1200&h=630&q=55&auto=format&usm=12&fit=crop&crop=faces%2Centropy&bm=normal&ba=bottom%2Cleft&blend64=aHR0cHM6Ly91cGxvYWRzLmd1aW0uY28udWsvMjAxOC8wMS8zMS90d2l0dGVyX2RlZmF1bHQucG5n&s=3c1177a3509d165a2463f2559a8e4c41,
https://www.yorkshirewildlifepark.com/wp-content/uploads/2017/02/polar-bear-shake.jpg,
http://assets.worldwildlife.org/photos/10200/images/story_full_width/shutterstock_114265279.jpg?1445452737,
https://www.seaworldofhurt.com/wp-content/uploads/2017/02/ent_misc_seaworld_san_diego_2011_014.jpg,
http://america.aljazeera.com/content/ajam/blogs/scrutineer/2015/1/26/pollution-punishes-polar-bear-penises/jcr:content/image.img.jpg,
https://arctickingdom.com/wp-content/uploads/2017/08/049A1642.jpg,
https://polarbearsinternational.org/img/pb8-hunting-hero.jpg,
https://www.stlzoo.org/files/4514/3336/2146/Kali_150528_7294_Ray_Meibaum_Saint_Louis_Zoo.jpg,
https://d19lgisewk9l6l.cloudfront.net/assetbank/432/Polar_Bears_Churchill_Canada_19786.jpg,
https://www.bbcgoodfood.com/sites/default/files/styles/recipe/public/recipe/recipe-image/2016/10/polar-bear-peppermint-creams.jpg?itok=pj3-BcCJ,
http://www.canadanorthoutfitting.com/wp-content/uploads/2015/03/late-summer-hunt-polar-bear-pics-2.jpg,
https://www.canadapolarbears.com/data/trip/best-value-churchill-polar-bear-viewing/slideshow/polar-bears-pass-tundra-buggy.jpg,
https://ywpfoundation.com/wp-content/uploads/2016/08/arcticseaiceday-polarbears-1.jpg,
https://i0.wp.com/polarbearalley.com/wp-content/uploads/2014/04/391218_244170422307517_2022797483_n.jpg?fit=960%2C639,
http://bearwithus.org/wp-content/uploads/2012/09/Polar-bears-b-Roy-deHaas.jpg,
https://hdanimalspot.com//storage/upload/polar-bear/polar-bear-10.jpg,
https://farm6.static.flickr.com/5683/31284228136_69a779f4d6.jpg,
https://www.loc.gov/rr/scitech/mysteries/images/polarbearonflow.jpg,
https://www.naturalworldsafaris.com/~/media/images/wildlife/polar-bear/nws-st-polar-bear-ice.jpg,
https://kidzfeed.com/wp-content/uploads/2017/08/Polar-bear-facts-for-kids-2.jpg,
https://metrouk2.files.wordpress.com/2018/02/sei_1472793.jpg?w=748&h=516&crop=1,
http://news.bbcimg.co.uk/media/images/54444000/jpg/_54444570_polar_bear_collection.jpg,
https://www.washingtonpost.com/resizer/BdvoV39tZJ9O7dYYcXiXN8zxtfk=/480x0/arc-anglerfish-washpost-prod-washpost.s3.amazonaws.com/public/AV26F7W6SUI6PCPI5XWBMN4QCA.jpg,
https://inhabitat.com/wp-content/blogs.dir/1/files/2016/09/worlds-saddest-polar-bear-pizza-china.jpg,
http://ambientbluecreative.com/animals/Animal-Info/Animal-InfoBooks/Polar-Bears/_images/pic-body-shape.png,
https://cdn.discover-the-world.co.uk/images/destinations/canada/landscape/canada-wildlife-polar-bears.jpg,
https://ic.c4assets.com/brands/britains-polar-bear-cub/series-1/255d15dc-2781-4e42-acd8-879027b720b8.jpg?interpolation=progressive-bicubic&output-quality=90&resize=700px:*,
http://churchillpolarbears.org/wp-content/uploads/2016/11/Polar-bear-sow-and-cub-KD-400x250.jpg,
https://i.ytimg.com/vi/E20t3LOl7KI/maxresdefault.jpg,
http://s3interiordesign.com/wp-content/uploads/2017/03/wild-PolarBear-large.jpg,
https://static.boredpanda.com/blog/wp-content/uploads/2016/02/cute-baby-polar-bear-day-photography-22__880.jpg,
https://thumbs.dreamstime.com/b/bear-cubs-bear-polar-bear-bear-cubs-polar-bear-two-small-bear-cubs-polar-bears-ursus-mariti-63190408.jpg,
https://static01.nyt.com/images/2016/12/13/world/americas/14PolarBears-Web-slide-OP4D/14PolarBears-Web-slide-OP4D-superJumbo.jpg,
http://i.dailymail.co.uk/i/pix/2013/01/04/article-2257088-16BF66C2000005DC-823_964x503.jpg,
https://polarbearfacts.net/wp-content/uploads/2018/02/polar-bear-cubs-1.jpg,
https://geology.com/stories/13/bear-areas/polar-bears.jpg,
https://53744bf91d44b81762e0-fbbc959d4e21c00b07dbe9c75f9c0b63.ssl.cf3.rackcdn.com/media/4D/4D5208E6-7151-451C-9DAD-CE2CD22DC37F/Presentation.Large/Polar-bears-resting.jpg,
https://img.purch.com/w/660/aHR0cDovL3d3dy5saXZlc2NpZW5jZS5jb20vaW1hZ2VzL2kvMDAwLzAxNy84MjUvb3JpZ2luYWwvU2hhcGlyby1Qb2xhckJlYXItMy5qcGc=,
http://www.oceanfutures.org/sites/default/files/creature-feature/PolarBear/CEV0322_300_0.jpg,
https://d1o50x50snmhul.cloudfront.net/wp-content/uploads/2018/02/05151649/bmb25w_main-800x533.jpg,
https://media1.tenor.com/images/49489acfa7386ce80c0ae83fe8660d68/tenor.gif?itemid=9952684,
https://s3.amazonaws.com/wwfintcampaigns/polar-bear/slideshow-1.1.jpg,
https://www.critterbabies.com/wp-content/gallery/polar-bear/polar-bear-baby_100175-1440x900.jpg,
https://res.cloudinary.com/dk-find-out/image/upload/q_80,w_320,f_auto/A-dreamstime_xxl_22405516_fmjfta_rqbgz3.jpg,
https://blog.finandfield.com/wp-content/uploads/2017/11/people-show-up-for-polar-bear-week-but-the-ice-hasnt-yet.jpg,
https://www.nathab.com/uploaded-files/carousels/TRIPS/Classic-Polar-Bears-Photo/1-Classic-Polar-Bear-Photo-1-bear-poliza.jpg,
https://oceanwide-4579.kxcdn.com/uploads/media-dynamic/cache/widen_1100/uploads/media/default/0001/06/ba352db1da42380e40bbcdc0d083b6a2d35ba715.jpeg,
https://pcacdn.azureedge.net/-/media/pn-np/nu/auyuittuq/WET4/securite-safety/securite-safety-banner-ours-bear.jpg?modified=20170313145827,
https://www.earthrangers.com/content/wildwire/yellow_polar_bear_credit_em_j_bishop.jpg,
http://blog.nwf.org/wp-content/blogs.dir/11/files/2010/11/polarbearwexler2.jpg,
http://thaumaturgical.com/wp-content/uploads/2014/10/2001.jpg,
https://i.pinimg.com/originals/b0/84/c2/b084c279dc3ff4e598ee0ffa0cd50c71.jpg,
http://granitegrok.com/wp-content/uploads/Polar-bears.jpg,
https://i.pinimg.com/originals/d2/34/d4/d234d4cedf93f4ca5f77a31070694471.jpg,
https://img.huffingtonpost.com/asset/587402541b00002c006e678f.jpeg?cache=6lf79sdm6r&ops=1910_1000,
https://www.expeditionsalaska.com/wp-content/uploads/2016/09/13_Oct-polar-bears-4335.jpg,
https://www.cbc.ca/kidscbc2/content/the_feed/newpolarbearice.jpg,
http://animalstime.com/wp-content/uploads/2012/05/polar_bear_eats_baby_cub_04.jpg,
https://cdn.images.express.co.uk/img/dynamic/128/590x/polar1-927098.jpg,
https://www.cabq.gov/culturalservices/biopark/images/polar-bear-diet.jpg,
https://19mvmv3yn2qc2bdb912o1t2n-wpengine.netdna-ssl.com/science/files/2014/12/polar-bear-3.jpg,
http://image.pbs.org/video-assets/pbs/great-polar-bear-feast/225123/images/mezzanine_174.jpg.resize.800x450.jpg,
https://cdn.cnn.com/cnnnext/dam/assets/111031064555-natpkg-polar-bears-migration-00000122-horizontal-large-gallery.jpg,
https://www.assiniboinepark.ca/images/default-source/Zoo/Animals/polar-bears---aurora.jpg?sfvrsn=547fcf5f_0,
https://hughrosephotography.com/wp-content/uploads/2017/03/polar-bear-photo-tours-kaktovik-ak.jpg,
http://ichef.bbci.co.uk/wwfeatures/wm/live/624_351/images/live/p0/2b/2w/p02b2w89.jpg,
http://images6.fanpop.com/image/photos/35700000/Polar-Bears-bears-35799406-1000-600.jpg,
http://i856.photobucket.com/albums/ab123/nicogidaya/Polarbears.jpg,
https://www.canadapolarbears.com/data/images/articles/hudson-bay-polar-bears.jpg,
http://animals.sandiegozoo.org/sites/default/files/inline-images/polar_bear_melting_ice.jpg,
http://www.zooborns.com/.a/6a010535647bf3970b01bb08c9e195970d-800wi,
http://www.arctic05.org/wp-content/uploads/2016/10/Thin-polar-bears-on-northern-Svalbard-Kerstin-Langenberger-Photography-climate-change-skinny-bear-svalbard-arctic05-spitsbergen-bear-observation-science.jpg,
http://www.lastpolarbears.com/wp-content/uploads/2015/04/lotpb-ip60-siblingsquabble.jpg,
https://www.wwf.org.uk/sites/default/files/styles/hero_l/public/2017-02/Original_WW215281_3.jpg?h=fee4874d&itok=0oxa77EW,
https://polarbearsinternational.org/img/pb3-characteristics-hero.jpg,
https://s.abcnews.com/images/US/ht_USFW_polarbears_le_171116_4x3_992.jpg,
https://media.mnn.com/assets/images/2014/02/PolarBearFacts02_e_0227.jpg,
https://www.mmc.gov/wp-content/uploads/DSC3911.jpg,
http://www.bearsoftheworld.net/images/bears/polar_bear_glacier.jpg,
https://i2-prod.mirror.co.uk/incoming/article11744950.ece/ALTERNATES/s615b/14617622-high_res-snow-bears.jpg,
http://churchillpolarbears.org/wp-content/uploads/2015/01/24.jpg,
http://bearwithus.org/wp-content/uploads/2012/09/polar-bear-photographer-Ro.jpg,
http://d2ouvy59p0dg6k.cloudfront.net/img/26691_1_412209.jpg,
https://d36tnp772eyphs.cloudfront.net/blogs/1/2012/11/%C2%A9Matador.Network.PolarBears-07-940x590.jpg,
http://www.canadanorthoutfitting.com/wp-content/uploads/2015/03/late-summer-hunt-polar-bear.jpg,
https://polarbearscience.files.wordpress.com/2015/05/polar-bears-usfws_cover-polarbearnews2013_2014.jpg,
https://secure.i.telegraph.co.uk/multimedia/archive/03212/goldstein-polar-be_3212975k.jpg,
https://pmdvod.nationalgeographic.com/NG_Video/950/591/smpost_1517967261710.jpg,
http://ambientbluecreative.com/animals/Animal-Info/Animal-InfoBooks/Polar-Bears/_images/pic-stalking.png,
https://53744bf91d44b81762e0-fbbc959d4e21c00b07dbe9c75f9c0b63.ssl.cf3.rackcdn.com/media/D9/D9233AA4-9ED9-4C48-8D9A-3704F5051D87/Presentation.Large/Polar-bear-mother-and-cub-walking-away.jpg,
https://slm-assets2.secondlife.com/assets/1497911/lightbox/d5bcf0f4dadbb964234749c983069867.jpg?1277241438,
https://img-cdn.brainberries.co/wp-content/uploads/2015/08/The-Cutest-Polar-Bear-You%E2%80%99ve-Ever-Seen-Boom-3.png,
https://thornews.files.wordpress.com/2014/10/polar-bear-mother-and-cub.jpg,
https://pixfeeds.com/images/6/291713/1200-291713-482517926.jpg,
https://hughrosephotography.com/wp-content/uploads/2017/03/polar-bears-photo-tour-alaska.jpg,
https://c402277.ssl.cf1.rackcdn.com/photos/4158/images/story_full_width/bear.JPG?1368624639,
https://alop.org/wp-content/uploads/2009/03/polar-bear-iceberg1.jpg,
https://polarbearfacts.net/wp-content/uploads/2017/10/polar-bear-14.jpeg,
https://farm2.staticflickr.com/1388/5118341745_6cfd2c46e6_z.jpg,
https://process.images.nathab.com/A6dTpd53SmIg0pBfJJhgAz/resize=width:960/https://www.nathab.com/uploaded-files/carousels/TRIPS/Tundra-Lodge/Polar-Bears-Tundra-Lodge-7-bear-cubs.jpg,
https://images-na.ssl-images-amazon.com/images/I/51sago5IvYL._SX258_BO1,204,203,200_.jpg,
https://kidzfeed.com/wp-content/uploads/2018/01/Harp-seal-what-do-polar-bears-eat-e1516188307854.jpg,
http://arctickingdom.com/wp-content/uploads/2016/09/Polar-Bear-Lodge_-by-Michelle-Valberg-_MV83873.jpg,
http://www.ameri-cana.com/media/1286/polar-bear14.jpg?mode=pad&rnd=130843679700000000,
https://qph.fs.quoracdn.net/main-qimg-14b3b8ca27f0023e29bde7fe0ca313f7,
https://i.ytimg.com/vi/-CoApUAZFf8/maxresdefault.jpg,
https://www.naturalworldsafaris.com/~/media/images/wildlife/polar-bear/nws-st-polar-bear-close-up.jpg,
https://www.wwf.org.uk/sites/default/files/styles/hero_l/public/2017-02/347359.jpg?h=3e43625b&itok=fgfhxUbL,
https://polarbearsinternational.org/img/pb6-behaviour-hero.jpg,
https://i2-prod.mirror.co.uk/incoming/article8090013.ece/ALTERNATES/s615b/Polar-bear.jpg,
https://i.pinimg.com/originals/a9/09/4a/a9094adea0bab8a836b3a031d448e7e4.jpg,
https://www.cbc.ca/kidscbc2/content/the_feed/newpolarbearswim.jpg,
http://animals.sandiegozoo.org/sites/default/files/2016-10/polar_bear_pbi_0.jpg,
https://www.canadapolarbears.com/data/trip/7-day-polar-bear-package/slideshow/three-polar-bears.jpg,
https://www.assiniboinepark.ca/images/default-source/Zoo/Animals/blizzard-star.jpg?sfvrsn=827fcf5f_0,
https://i1.wp.com/zooologist.com/wp-content/uploads/2018/01/What-Color-Skin-Do-Polar-Bears-Have-e1516902117224.jpg?resize=600%2C451,
https://static.boredpanda.com/blog/wp-content/uploads/2016/02/cute-baby-polar-bear-day-photography-53__880.jpg,
https://ourchangingclimate.files.wordpress.com/2017/11/ad-male-looking-for-yrlings-cropped.jpg,
http://www.torontozoo.com/img/se/TreatsWalk200.jpg,
https://upload.wikimedia.org/wikipedia/commons/thumb/9/95/Polarbrown-1.jpg/220px-Polarbrown-1.jpg,
https://cdn.cnn.com/cnnnext/dam/assets/140903112026-arctic-sailing-polar-bear-horizontal-large-gallery.jpg,
http://d2ouvy59p0dg6k.cloudfront.net/img/img_4332_541589.jpg,
http://i.perezhilton.com/wp-content/uploads/2012/01/coke-bear-polar-ad__oPt.jpg,
https://www.nathab.com/uploaded-files/carousels/TRIPS/Tundra-Lodge-Photo/Polar-Bears-Tundra-Lodge-Photo-3-closeup.jpg,
http://sites.psu.edu/mem5969/wp-content/uploads/sites/6190/2013/10/1-605_Polar_Bears_hd.jpg,
https://c402277.ssl.cf1.rackcdn.com/photos/3135/images/story_inline/AH_Travel_page.jpg?1355933608,
https://polarbearscience.files.wordpress.com/2013/02/polar-bear-cubs-canada_wallpaper.jpg,
http://churchillpolarbears.org/wp-content/uploads/2014/11/Brokvist_churchill-61.jpg,
https://deliverable.files.wordpress.com/2011/11/polar-bears1.jpg,
http://oer2go.org/mods/en-wikipedia_for_schools-static/images/2068/206865.jpg,
https://www.telegraph.co.uk/content/dam/video_previews/z/t/zty25syte6veaa-cutmnp4d0krggmznf-xlarge.jpg,
https://www.assiniboinepark.ca/images/default-source/Zoo/Animals/polar-bears---storm.jpg?sfvrsn=4a7fcf5f_0,
http://ambientbluecreative.com/animals/Animal-Info/Animal-InfoBooks/Polar-Bears/_images/pic-soles.png,
https://cdn.images.express.co.uk/img/dynamic/128/590x/polar-bear-arctic-772759.jpg,
http://mzayat.com//2018/drawn-polar--bear-man-eater/drawn-polar--bear-man-eater-0.jpg,
https://8583b52b4a309671f69d-b436b898353c7dc300b5887446a26466.ssl.cf1.rackcdn.com/13106999_969b2b6.jpg,
https://images-na.ssl-images-amazon.com/images/I/61a4IvjgzmL._SX258_BO1,204,203,200_.jpg,
http://zooologist.com/wp-content/uploads/2017/11/do-polar-bears-eat-arctci-foxes.jpg,
https://www.expeditionsalaska.com/wp-content/uploads/2016/11/13_Oct-polar-bears-5466-1024x682.jpg,
https://kidzfeed.com/wp-content/uploads/2018/01/ring-seals-what-do-polar-bears-eat-e1516188339621.jpg,
http://www.canadanorthoutfitting.com/wp-content/uploads/2015/03/spring-hunt-polar-bear-pics-2.jpg,
https://cdn.thinglink.me/api/image/914273712801316866/1240/10/scaletowidth,
https://i.pinimg.com/originals/b6/4f/b4/b64fb4a5ccc0bb1c9e86d83f40a2433c.png,
https://i2-prod.mirror.co.uk/incoming/article11875600.ece/ALTERNATES/s615/Baby-Brumas.jpg,
https://polarbearsinternational.org/media/3200/ml-0166.jpg,
https://i.ytimg.com/vi/l8-Mr1Vf2iw/maxresdefault.jpg,
https://static.boredpanda.com/blog/wp-content/uploads/2016/02/cute-baby-polar-bear-day-photography-231__880.jpg,
https://secure.i.telegraph.co.uk/multimedia/archive/01432/booker-28060_1_1432371c.jpg,
http://i.dailymail.co.uk/i/pix/2013/01/04/article-2257088-16BF65BB000005DC-228_964x539.jpg,
https://polarbearfacts.net/wp-content/uploads/2018/01/polar-bear-furs.jpg,
http://bearwithus.org/wp-content/uploads/2012/09/Polar-bears-c-Roy-de-Haas.jpg,
http://i.dailymail.co.uk/i/pix/2013/09/28/article-2436882-185A76E400000578-554_634x423.jpg,
http://www.zooborns.com/.a/6a010535647bf3970b01bb08c9e182970d-800wi,
http://churchillpolarbears.org/wp-content/uploads/2015/01/polar-bear-2.jpg,
http://iamwilderness.com/wp-content/uploads/2013/04/article-2316104-1985D99E000005DC-224_634x559-I-am-Wilderness-590x520.jpg,
https://www.walldevil.com/wallpapers/w02/812285-animals-baby-animals-outdoors-polar-bears-snow-wildlife.jpg,
https://cdn.images.express.co.uk/img/dynamic/78/590x/secondary/activists-471955.jpg,
http://www.catersnews.com/wp-content/uploads/2015/11/0_CATERS_POLAR_BEAR_TAKES_PANTS_01-800x498.jpg,
https://images-na.ssl-images-amazon.com/images/I/510DpJPiqNL.jpg,
http://arctickingdom.com/wp-content/uploads/2017/07/cropArctic-Kingdom-NOEL-HENDRICKSON_-polar-bear-with-2-cubs_pic_CTC-Polar-1296.jpg,
https://oceanwide-4579.kxcdn.com/uploads/media-dynamic/cache/widen_1100/uploads/media/default/0001/18/thumb_17489_default_900.jpeg,
https://www.expeditionsalaska.com/wp-content/uploads/2017/02/13_Oct-polar-bears-4758-1024x623.jpg,
https://c402277.ssl.cf1.rackcdn.com/photos/1869/images/story_full_width/trio.jpg?1345605618,
https://secure.i.telegraph.co.uk/multimedia/archive/01773/Polar_1773859c.jpg,
https://upload.wikimedia.org/wikipedia/commons/3/3f/Polarbrown-2.jpg,
https://static.boredpanda.com/blog/wp-content/uploads/2016/02/cute-baby-polar-bear-day-photography-251__880.jpg,
https://i.ytimg.com/vi/spx-0FrsLKQ/hqdefault.jpg,
https://www.assiniboinepark.ca/images/default-source/Zoo/IPBCC/polar-bear-transition.jpg?sfvrsn=a057c05f_0,
https://insideclimatenews.org/sites/default/files/styles/icn_full_wrap_wide/public/polar-bear-close-up_usgs.jpg?itok=u-5ljTLK&timestamp=1517521297,
http://i.dailymail.co.uk/i/pix/2013/09/28/article-2436882-185A76DD00000578-402_634x422.jpg,
https://www.nathab.com/uploaded-files/Video%20Page/Large-PB-CNN-Video-THUMB.jpg,
https://i2-prod.mirror.co.uk/incoming/article11745672.ece/ALTERNATES/s1200/Snow-Bears.jpg,
https://i.ytimg.com/vi/3LMmu-DKaQ0/maxresdefault.jpg,
http://www.lastpolarbears.com/wp-content/uploads/2015/04/lotpb-ip59-bestoftimes.jpg,
https://images-na.ssl-images-amazon.com/images/I/51HBZ48U7CL._SX258_BO1,204,203,200_.jpg,
https://cdn.trendhunterstatic.com/thumbs/polar-bears-golabl-warming-friends-of-the-earth-psa-ad.jpeg,
https://i.ytimg.com/vi/--xEE7K67Xo/maxresdefault.jpg,
